-- phpMyAdmin SQL Dump
-- version 2.11.6
-- http://www.phpmyadmin.net
--
-- Host: localhost
-- Generation Time: Mar 24, 2020 at 08:37 AM
-- Server version: 5.0.51
-- PHP Version: 5.2.6

SET SQL_MODE="NO_AUTO_VALUE_ON_ZERO";


/*!40101 SET @OLD_CHARACTER_SET_CLIENT=@@CHARACTER_SET_CLIENT */;
/*!40101 SET @OLD_CHARACTER_SET_RESULTS=@@CHARACTER_SET_RESULTS */;
/*!40101 SET @OLD_COLLATION_CONNECTION=@@COLLATION_CONNECTION */;
/*!40101 SET NAMES utf8 */;

--
-- Database: `csdl_diem_danh`
--

-- --------------------------------------------------------

--
-- Table structure for table `admin`
--

CREATE TABLE `admin` (
  `id` int(100) NOT NULL auto_increment,
  `tai_khoan` varchar(100) collate utf8_unicode_ci NOT NULL,
  `mat_khau` varchar(100) collate utf8_unicode_ci NOT NULL,
  PRIMARY KEY  (`id`)
) ENGINE=InnoDB  DEFAULT CHARSET=utf8 COLLATE=utf8_unicode_ci AUTO_INCREMENT=2 ;

--
-- Dumping data for table `admin`
--

INSERT INTO `admin` (`id`, `tai_khoan`, `mat_khau`) VALUES
(1, 'admin', 'admin123');

-- --------------------------------------------------------

--
-- Table structure for table `chi_tiet_diem_danh`
--

CREATE TABLE `chi_tiet_diem_danh` (
  `id_chi_tiet_diem_danh` int(100) NOT NULL auto_increment,
  `id_diem_danh` int(100) NOT NULL,
  `ma_sv` varchar(100) collate utf8_unicode_ci NOT NULL,
  `trang_thai_diem_danh` varchar(100) collate utf8_unicode_ci NOT NULL,
  PRIMARY KEY  (`id_chi_tiet_diem_danh`),
  KEY `id_diem_danh` (`id_diem_danh`),
  KEY `ma_sv` (`ma_sv`)
) ENGINE=InnoDB  DEFAULT CHARSET=utf8 COLLATE=utf8_unicode_ci AUTO_INCREMENT=3871 ;

--
-- Dumping data for table `chi_tiet_diem_danh`
--

INSERT INTO `chi_tiet_diem_danh` (`id_chi_tiet_diem_danh`, `id_diem_danh`, `ma_sv`, `trang_thai_diem_danh`) VALUES
(1, 1, '17049601', ''),
(2, 1, '17064471', ''),
(3, 1, '17064371', ''),
(4, 1, '17070091', ''),
(5, 1, '17083921', ''),
(6, 1, '17064611', ''),
(7, 1, '17071891', ''),
(8, 1, '17068771', ''),
(9, 1, '17068361', ''),
(10, 1, '17096351', ''),
(11, 1, '17063671', ''),
(12, 1, '17055191', ''),
(13, 1, '17063591', ''),
(14, 1, '17072931', ''),
(15, 1, '17094681', ''),
(16, 1, '17070691', ''),
(17, 1, '17071341', ''),
(18, 1, '17055221', ''),
(19, 1, '17063291', ''),
(20, 1, '17096581', ''),
(21, 1, '17092091', ''),
(22, 1, '17092211', ''),
(23, 1, '17064161', ''),
(24, 1, '17104831', ''),
(25, 1, '17050341', ''),
(26, 1, '17055021', ''),
(27, 1, '17086141', ''),
(28, 1, '17103881', ''),
(29, 1, '17092591', ''),
(30, 1, '17102211', ''),
(31, 1, '17067311', ''),
(32, 1, '17052201', ''),
(33, 1, '17067941', ''),
(34, 1, '17084001', ''),
(35, 1, '17102191', ''),
(36, 1, '17097641', ''),
(37, 1, '17104361', ''),
(38, 1, '17069581', ''),
(39, 1, '17088231', ''),
(40, 1, '17091101', ''),
(41, 1, '17000255', ''),
(42, 1, '17067481', ''),
(43, 1, '17104541', ''),
(44, 1, '17039361', ''),
(45, 1, '17068491', ''),
(46, 1, '17092811', ''),
(47, 1, '17100181', ''),
(48, 1, '17072291', ''),
(49, 1, '17072271', ''),
(50, 1, '17055071', ''),
(51, 1, '17049321', ''),
(52, 1, '17072771', ''),
(53, 1, '17076441', ''),
(54, 1, '17067101', ''),
(55, 1, '17067591', ''),
(56, 1, '17104051', ''),
(57, 1, '17067011', ''),
(58, 1, '17051211', ''),
(59, 1, '17056171', ''),
(60, 1, '17082251', ''),
(61, 1, '17089691', ''),
(62, 1, '17102741', ''),
(63, 1, '17053001', ''),
(64, 1, '17072101', ''),
(65, 1, '17064121', ''),
(66, 1, '17082141', ''),
(67, 1, '17099171', ''),
(68, 1, '17052171', ''),
(69, 1, '17054961', ''),
(70, 1, '17079291', ''),
(71, 1, '17089511', ''),
(72, 1, '17094691', ''),
(73, 1, '17062361', ''),
(74, 1, '17100921', ''),
(75, 1, '17047901', ''),
(76, 1, '17045511', ''),
(77, 1, '17043411', ''),
(78, 1, '17100141', ''),
(79, 1, '17001035', ''),
(80, 1, '17048661', ''),
(81, 1, '17050711', ''),
(82, 1, '17066361', ''),
(83, 1, '17089681', ''),
(84, 1, '17075921', ''),
(85, 1, '17096881', ''),
(86, 1, '17093341', ''),
(87, 2, '17049601', ''),
(88, 2, '17064471', ''),
(89, 2, '17064371', ''),
(90, 2, '17070091', '3'),
(91, 2, '17083921', ''),
(92, 2, '17064611', ''),
(93, 2, '17071891', ''),
(94, 2, '17068771', ''),
(95, 2, '17068361', ''),
(96, 2, '17096351', ''),
(97, 2, '17063671', ''),
(98, 2, '17055191', ''),
(99, 2, '17063591', ''),
(100, 2, '17072931', ''),
(101, 2, '17094681', ''),
(102, 2, '17070691', ''),
(103, 2, '17071341', ''),
(104, 2, '17055221', ''),
(105, 2, '17063291', ''),
(106, 2, '17096581', ''),
(107, 2, '17092091', ''),
(108, 2, '17092211', ''),
(109, 2, '17064161', ''),
(110, 2, '17104831', ''),
(111, 2, '17050341', ''),
(112, 2, '17055021', ''),
(113, 2, '17086141', ''),
(114, 2, '17103881', ''),
(115, 2, '17092591', ''),
(116, 2, '17102211', ''),
(117, 2, '17067311', ''),
(118, 2, '17052201', ''),
(119, 2, '17067941', ''),
(120, 2, '17084001', ''),
(121, 2, '17102191', ''),
(122, 2, '17097641', ''),
(123, 2, '17104361', ''),
(124, 2, '17069581', ''),
(125, 2, '17088231', ''),
(126, 2, '17091101', ''),
(127, 2, '17000255', '3'),
(128, 2, '17067481', ''),
(129, 2, '17104541', ''),
(130, 2, '17039361', ''),
(131, 2, '17068491', ''),
(132, 2, '17092811', ''),
(133, 2, '17100181', ''),
(134, 2, '17072291', ''),
(135, 2, '17072271', ''),
(136, 2, '17055071', ''),
(137, 2, '17049321', ''),
(138, 2, '17072771', ''),
(139, 2, '17076441', ''),
(140, 2, '17067101', ''),
(141, 2, '17067591', ''),
(142, 2, '17104051', ''),
(143, 2, '17067011', ''),
(144, 2, '17051211', ''),
(145, 2, '17056171', ''),
(146, 2, '17082251', ''),
(147, 2, '17089691', ''),
(148, 2, '17102741', ''),
(149, 2, '17053001', ''),
(150, 2, '17072101', ''),
(151, 2, '17064121', ''),
(152, 2, '17082141', ''),
(153, 2, '17099171', ''),
(154, 2, '17052171', ''),
(155, 2, '17054961', '3'),
(156, 2, '17079291', '3'),
(157, 2, '17089511', ''),
(158, 2, '17094691', ''),
(159, 2, '17062361', ''),
(160, 2, '17100921', ''),
(161, 2, '17047901', ''),
(162, 2, '17045511', ''),
(163, 2, '17043411', ''),
(164, 2, '17100141', ''),
(165, 2, '17001035', ''),
(166, 2, '17048661', ''),
(167, 2, '17050711', ''),
(168, 2, '17066361', ''),
(169, 2, '17089681', ''),
(170, 2, '17075921', '3'),
(171, 2, '17096881', ''),
(172, 2, '17093341', ''),
(173, 3, '17049601', ''),
(174, 3, '17064471', ''),
(175, 3, '17064371', ''),
(176, 3, '17070091', ''),
(177, 3, '17083921', ''),
(178, 3, '17064611', ''),
(179, 3, '17071891', ''),
(180, 3, '17068771', ''),
(181, 3, '17068361', ''),
(182, 3, '17096351', ''),
(183, 3, '17063671', ''),
(184, 3, '17055191', ''),
(185, 3, '17063591', ''),
(186, 3, '17072931', ''),
(187, 3, '17094681', ''),
(188, 3, '17070691', ''),
(189, 3, '17071341', ''),
(190, 3, '17055221', ''),
(191, 3, '17063291', ''),
(192, 3, '17096581', ''),
(193, 3, '17092091', ''),
(194, 3, '17092211', ''),
(195, 3, '17064161', ''),
(196, 3, '17104831', ''),
(197, 3, '17050341', ''),
(198, 3, '17055021', ''),
(199, 3, '17086141', ''),
(200, 3, '17103881', ''),
(201, 3, '17092591', ''),
(202, 3, '17102211', ''),
(203, 3, '17067311', ''),
(204, 3, '17052201', ''),
(205, 3, '17067941', ''),
(206, 3, '17084001', ''),
(207, 3, '17102191', ''),
(208, 3, '17097641', ''),
(209, 3, '17104361', ''),
(210, 3, '17069581', ''),
(211, 3, '17088231', ''),
(212, 3, '17091101', ''),
(213, 3, '17000255', ''),
(214, 3, '17067481', ''),
(215, 3, '17104541', ''),
(216, 3, '17039361', ''),
(217, 3, '17068491', ''),
(218, 3, '17092811', ''),
(219, 3, '17100181', ''),
(220, 3, '17072291', ''),
(221, 3, '17072271', ''),
(222, 3, '17055071', ''),
(223, 3, '17049321', ''),
(224, 3, '17072771', ''),
(225, 3, '17076441', ''),
(226, 3, '17067101', ''),
(227, 3, '17067591', ''),
(228, 3, '17104051', ''),
(229, 3, '17067011', ''),
(230, 3, '17051211', ''),
(231, 3, '17056171', ''),
(232, 3, '17082251', ''),
(233, 3, '17089691', ''),
(234, 3, '17102741', ''),
(235, 3, '17053001', ''),
(236, 3, '17072101', ''),
(237, 3, '17064121', ''),
(238, 3, '17082141', ''),
(239, 3, '17099171', ''),
(240, 3, '17052171', ''),
(241, 3, '17054961', ''),
(242, 3, '17079291', ''),
(243, 3, '17089511', ''),
(244, 3, '17094691', ''),
(245, 3, '17062361', ''),
(246, 3, '17100921', ''),
(247, 3, '17047901', ''),
(248, 3, '17045511', ''),
(249, 3, '17043411', ''),
(250, 3, '17100141', ''),
(251, 3, '17001035', ''),
(252, 3, '17048661', ''),
(253, 3, '17050711', ''),
(254, 3, '17066361', ''),
(255, 3, '17089681', ''),
(256, 3, '17075921', ''),
(257, 3, '17096881', ''),
(258, 3, '17093341', ''),
(259, 4, '17049601', ''),
(260, 4, '17064471', ''),
(261, 4, '17064371', ''),
(262, 4, '17070091', ''),
(263, 4, '17083921', ''),
(264, 4, '17064611', ''),
(265, 4, '17071891', ''),
(266, 4, '17068771', ''),
(267, 4, '17068361', ''),
(268, 4, '17096351', ''),
(269, 4, '17063671', ''),
(270, 4, '17055191', ''),
(271, 4, '17063591', ''),
(272, 4, '17072931', ''),
(273, 4, '17094681', ''),
(274, 4, '17070691', ''),
(275, 4, '17071341', ''),
(276, 4, '17055221', ''),
(277, 4, '17063291', ''),
(278, 4, '17096581', ''),
(279, 4, '17092091', ''),
(280, 4, '17092211', ''),
(281, 4, '17064161', ''),
(282, 4, '17104831', ''),
(283, 4, '17050341', ''),
(284, 4, '17055021', ''),
(285, 4, '17086141', ''),
(286, 4, '17103881', ''),
(287, 4, '17092591', ''),
(288, 4, '17102211', ''),
(289, 4, '17067311', ''),
(290, 4, '17052201', ''),
(291, 4, '17067941', ''),
(292, 4, '17084001', ''),
(293, 4, '17102191', ''),
(294, 4, '17097641', ''),
(295, 4, '17104361', ''),
(296, 4, '17069581', ''),
(297, 4, '17088231', ''),
(298, 4, '17091101', ''),
(299, 4, '17000255', ''),
(300, 4, '17067481', ''),
(301, 4, '17104541', ''),
(302, 4, '17039361', ''),
(303, 4, '17068491', ''),
(304, 4, '17092811', ''),
(305, 4, '17100181', ''),
(306, 4, '17072291', ''),
(307, 4, '17072271', ''),
(308, 4, '17055071', ''),
(309, 4, '17049321', ''),
(310, 4, '17072771', ''),
(311, 4, '17076441', ''),
(312, 4, '17067101', ''),
(313, 4, '17067591', ''),
(314, 4, '17104051', ''),
(315, 4, '17067011', ''),
(316, 4, '17051211', ''),
(317, 4, '17056171', ''),
(318, 4, '17082251', ''),
(319, 4, '17089691', ''),
(320, 4, '17102741', ''),
(321, 4, '17053001', ''),
(322, 4, '17072101', ''),
(323, 4, '17064121', ''),
(324, 4, '17082141', ''),
(325, 4, '17099171', ''),
(326, 4, '17052171', ''),
(327, 4, '17054961', ''),
(328, 4, '17079291', ''),
(329, 4, '17089511', ''),
(330, 4, '17094691', ''),
(331, 4, '17062361', ''),
(332, 4, '17100921', ''),
(333, 4, '17047901', ''),
(334, 4, '17045511', ''),
(335, 4, '17043411', ''),
(336, 4, '17100141', ''),
(337, 4, '17001035', ''),
(338, 4, '17048661', ''),
(339, 4, '17050711', ''),
(340, 4, '17066361', ''),
(341, 4, '17089681', ''),
(342, 4, '17075921', ''),
(343, 4, '17096881', ''),
(344, 4, '17093341', ''),
(345, 5, '17049601', ''),
(346, 5, '17064471', ''),
(347, 5, '17064371', ''),
(348, 5, '17070091', ''),
(349, 5, '17083921', ''),
(350, 5, '17064611', ''),
(351, 5, '17071891', ''),
(352, 5, '17068771', ''),
(353, 5, '17068361', ''),
(354, 5, '17096351', ''),
(355, 5, '17063671', ''),
(356, 5, '17055191', ''),
(357, 5, '17063591', ''),
(358, 5, '17072931', ''),
(359, 5, '17094681', ''),
(360, 5, '17070691', ''),
(361, 5, '17071341', ''),
(362, 5, '17055221', ''),
(363, 5, '17063291', ''),
(364, 5, '17096581', ''),
(365, 5, '17092091', ''),
(366, 5, '17092211', ''),
(367, 5, '17064161', ''),
(368, 5, '17104831', ''),
(369, 5, '17050341', ''),
(370, 5, '17055021', ''),
(371, 5, '17086141', ''),
(372, 5, '17103881', ''),
(373, 5, '17092591', ''),
(374, 5, '17102211', ''),
(375, 5, '17067311', ''),
(376, 5, '17052201', ''),
(377, 5, '17067941', ''),
(378, 5, '17084001', ''),
(379, 5, '17102191', ''),
(380, 5, '17097641', ''),
(381, 5, '17104361', ''),
(382, 5, '17069581', ''),
(383, 5, '17088231', ''),
(384, 5, '17091101', ''),
(385, 5, '17000255', ''),
(386, 5, '17067481', ''),
(387, 5, '17104541', ''),
(388, 5, '17039361', ''),
(389, 5, '17068491', ''),
(390, 5, '17092811', ''),
(391, 5, '17100181', ''),
(392, 5, '17072291', ''),
(393, 5, '17072271', ''),
(394, 5, '17055071', ''),
(395, 5, '17049321', ''),
(396, 5, '17072771', ''),
(397, 5, '17076441', ''),
(398, 5, '17067101', ''),
(399, 5, '17067591', ''),
(400, 5, '17104051', ''),
(401, 5, '17067011', ''),
(402, 5, '17051211', ''),
(403, 5, '17056171', ''),
(404, 5, '17082251', ''),
(405, 5, '17089691', ''),
(406, 5, '17102741', ''),
(407, 5, '17053001', ''),
(408, 5, '17072101', ''),
(409, 5, '17064121', ''),
(410, 5, '17082141', ''),
(411, 5, '17099171', ''),
(412, 5, '17052171', ''),
(413, 5, '17054961', ''),
(414, 5, '17079291', ''),
(415, 5, '17089511', ''),
(416, 5, '17094691', ''),
(417, 5, '17062361', ''),
(418, 5, '17100921', ''),
(419, 5, '17047901', ''),
(420, 5, '17045511', ''),
(421, 5, '17043411', ''),
(422, 5, '17100141', ''),
(423, 5, '17001035', ''),
(424, 5, '17048661', ''),
(425, 5, '17050711', ''),
(426, 5, '17066361', ''),
(427, 5, '17089681', ''),
(428, 5, '17075921', ''),
(429, 5, '17096881', ''),
(430, 5, '17093341', ''),
(431, 6, '17049601', ''),
(432, 6, '17064471', ''),
(433, 6, '17064371', ''),
(434, 6, '17070091', ''),
(435, 6, '17083921', ''),
(436, 6, '17064611', ''),
(437, 6, '17071891', ''),
(438, 6, '17068771', ''),
(439, 6, '17068361', ''),
(440, 6, '17096351', '2'),
(441, 6, '17063671', ''),
(442, 6, '17055191', ''),
(443, 6, '17063591', ''),
(444, 6, '17072931', ''),
(445, 6, '17094681', ''),
(446, 6, '17070691', ''),
(447, 6, '17071341', ''),
(448, 6, '17055221', ''),
(449, 6, '17063291', ''),
(450, 6, '17096581', ''),
(451, 6, '17092091', ''),
(452, 6, '17092211', ''),
(453, 6, '17064161', ''),
(454, 6, '17104831', ''),
(455, 6, '17050341', ''),
(456, 6, '17055021', ''),
(457, 6, '17086141', ''),
(458, 6, '17103881', '2'),
(459, 6, '17092591', ''),
(460, 6, '17102211', ''),
(461, 6, '17067311', ''),
(462, 6, '17052201', ''),
(463, 6, '17067941', ''),
(464, 6, '17084001', ''),
(465, 6, '17102191', ''),
(466, 6, '17097641', ''),
(467, 6, '17104361', ''),
(468, 6, '17069581', ''),
(469, 6, '17088231', ''),
(470, 6, '17091101', ''),
(471, 6, '17000255', ''),
(472, 6, '17067481', ''),
(473, 6, '17104541', ''),
(474, 6, '17039361', ''),
(475, 6, '17068491', ''),
(476, 6, '17092811', ''),
(477, 6, '17100181', ''),
(478, 6, '17072291', ''),
(479, 6, '17072271', ''),
(480, 6, '17055071', ''),
(481, 6, '17049321', ''),
(482, 6, '17072771', ''),
(483, 6, '17076441', ''),
(484, 6, '17067101', ''),
(485, 6, '17067591', ''),
(486, 6, '17104051', ''),
(487, 6, '17067011', ''),
(488, 6, '17051211', ''),
(489, 6, '17056171', ''),
(490, 6, '17082251', ''),
(491, 6, '17089691', ''),
(492, 6, '17102741', ''),
(493, 6, '17053001', ''),
(494, 6, '17072101', '2'),
(495, 6, '17064121', ''),
(496, 6, '17082141', ''),
(497, 6, '17099171', ''),
(498, 6, '17052171', ''),
(499, 6, '17054961', ''),
(500, 6, '17079291', ''),
(501, 6, '17089511', ''),
(502, 6, '17094691', ''),
(503, 6, '17062361', ''),
(504, 6, '17100921', ''),
(505, 6, '17047901', ''),
(506, 6, '17045511', ''),
(507, 6, '17043411', ''),
(508, 6, '17100141', ''),
(509, 6, '17001035', ''),
(510, 6, '17048661', ''),
(511, 6, '17050711', ''),
(512, 6, '17066361', '2'),
(513, 6, '17089681', ''),
(514, 6, '17075921', ''),
(515, 6, '17096881', ''),
(516, 6, '17093341', ''),
(517, 7, '17049601', ''),
(518, 7, '17064471', ''),
(519, 7, '17064371', ''),
(520, 7, '17070091', ''),
(521, 7, '17083921', ''),
(522, 7, '17064611', ''),
(523, 7, '17071891', ''),
(524, 7, '17068771', ''),
(525, 7, '17068361', ''),
(526, 7, '17096351', ''),
(527, 7, '17063671', ''),
(528, 7, '17055191', ''),
(529, 7, '17063591', ''),
(530, 7, '17072931', ''),
(531, 7, '17094681', ''),
(532, 7, '17070691', ''),
(533, 7, '17071341', ''),
(534, 7, '17055221', ''),
(535, 7, '17063291', ''),
(536, 7, '17096581', ''),
(537, 7, '17092091', ''),
(538, 7, '17092211', ''),
(539, 7, '17064161', ''),
(540, 7, '17104831', ''),
(541, 7, '17050341', ''),
(542, 7, '17055021', ''),
(543, 7, '17086141', ''),
(544, 7, '17103881', ''),
(545, 7, '17092591', ''),
(546, 7, '17102211', ''),
(547, 7, '17067311', ''),
(548, 7, '17052201', ''),
(549, 7, '17067941', ''),
(550, 7, '17084001', ''),
(551, 7, '17102191', ''),
(552, 7, '17097641', ''),
(553, 7, '17104361', ''),
(554, 7, '17069581', ''),
(555, 7, '17088231', ''),
(556, 7, '17091101', ''),
(557, 7, '17000255', ''),
(558, 7, '17067481', ''),
(559, 7, '17104541', ''),
(560, 7, '17039361', ''),
(561, 7, '17068491', ''),
(562, 7, '17092811', ''),
(563, 7, '17100181', ''),
(564, 7, '17072291', ''),
(565, 7, '17072271', ''),
(566, 7, '17055071', ''),
(567, 7, '17049321', ''),
(568, 7, '17072771', ''),
(569, 7, '17076441', ''),
(570, 7, '17067101', ''),
(571, 7, '17067591', ''),
(572, 7, '17104051', ''),
(573, 7, '17067011', ''),
(574, 7, '17051211', ''),
(575, 7, '17056171', ''),
(576, 7, '17082251', ''),
(577, 7, '17089691', ''),
(578, 7, '17102741', ''),
(579, 7, '17053001', ''),
(580, 7, '17072101', ''),
(581, 7, '17064121', ''),
(582, 7, '17082141', ''),
(583, 7, '17099171', ''),
(584, 7, '17052171', ''),
(585, 7, '17054961', ''),
(586, 7, '17079291', ''),
(587, 7, '17089511', ''),
(588, 7, '17094691', ''),
(589, 7, '17062361', ''),
(590, 7, '17100921', ''),
(591, 7, '17047901', ''),
(592, 7, '17045511', ''),
(593, 7, '17043411', ''),
(594, 7, '17100141', ''),
(595, 7, '17001035', ''),
(596, 7, '17048661', ''),
(597, 7, '17050711', ''),
(598, 7, '17066361', ''),
(599, 7, '17089681', ''),
(600, 7, '17075921', ''),
(601, 7, '17096881', ''),
(602, 7, '17093341', ''),
(603, 8, '17049601', ''),
(604, 8, '17064471', ''),
(605, 8, '17064371', ''),
(606, 8, '17070091', ''),
(607, 8, '17083921', ''),
(608, 8, '17064611', ''),
(609, 8, '17071891', ''),
(610, 8, '17068771', ''),
(611, 8, '17068361', ''),
(612, 8, '17096351', ''),
(613, 8, '17063671', ''),
(614, 8, '17055191', ''),
(615, 8, '17063591', ''),
(616, 8, '17072931', ''),
(617, 8, '17094681', ''),
(618, 8, '17070691', ''),
(619, 8, '17071341', ''),
(620, 8, '17055221', ''),
(621, 8, '17063291', ''),
(622, 8, '17096581', ''),
(623, 8, '17092091', ''),
(624, 8, '17092211', ''),
(625, 8, '17064161', ''),
(626, 8, '17104831', ''),
(627, 8, '17050341', ''),
(628, 8, '17055021', ''),
(629, 8, '17086141', ''),
(630, 8, '17103881', ''),
(631, 8, '17092591', ''),
(632, 8, '17102211', ''),
(633, 8, '17067311', ''),
(634, 8, '17052201', ''),
(635, 8, '17067941', ''),
(636, 8, '17084001', ''),
(637, 8, '17102191', ''),
(638, 8, '17097641', ''),
(639, 8, '17104361', ''),
(640, 8, '17069581', ''),
(641, 8, '17088231', ''),
(642, 8, '17091101', ''),
(643, 8, '17000255', ''),
(644, 8, '17067481', ''),
(645, 8, '17104541', ''),
(646, 8, '17039361', ''),
(647, 8, '17068491', ''),
(648, 8, '17092811', ''),
(649, 8, '17100181', ''),
(650, 8, '17072291', ''),
(651, 8, '17072271', ''),
(652, 8, '17055071', ''),
(653, 8, '17049321', ''),
(654, 8, '17072771', ''),
(655, 8, '17076441', ''),
(656, 8, '17067101', ''),
(657, 8, '17067591', ''),
(658, 8, '17104051', ''),
(659, 8, '17067011', ''),
(660, 8, '17051211', ''),
(661, 8, '17056171', ''),
(662, 8, '17082251', ''),
(663, 8, '17089691', ''),
(664, 8, '17102741', ''),
(665, 8, '17053001', ''),
(666, 8, '17072101', ''),
(667, 8, '17064121', ''),
(668, 8, '17082141', ''),
(669, 8, '17099171', ''),
(670, 8, '17052171', ''),
(671, 8, '17054961', ''),
(672, 8, '17079291', ''),
(673, 8, '17089511', ''),
(674, 8, '17094691', ''),
(675, 8, '17062361', ''),
(676, 8, '17100921', ''),
(677, 8, '17047901', ''),
(678, 8, '17045511', ''),
(679, 8, '17043411', ''),
(680, 8, '17100141', ''),
(681, 8, '17001035', ''),
(682, 8, '17048661', ''),
(683, 8, '17050711', ''),
(684, 8, '17066361', ''),
(685, 8, '17089681', ''),
(686, 8, '17075921', ''),
(687, 8, '17096881', ''),
(688, 8, '17093341', ''),
(689, 9, '17049601', '1'),
(690, 9, '17064471', ''),
(691, 9, '17064371', ''),
(692, 9, '17070091', ''),
(693, 9, '17083921', ''),
(694, 9, '17064611', ''),
(695, 9, '17071891', ''),
(696, 9, '17068771', ''),
(697, 9, '17068361', ''),
(698, 9, '17096351', ''),
(699, 9, '17063671', ''),
(700, 9, '17055191', ''),
(701, 9, '17063591', ''),
(702, 9, '17072931', ''),
(703, 9, '17094681', ''),
(704, 9, '17070691', ''),
(705, 9, '17071341', ''),
(706, 9, '17055221', ''),
(707, 9, '17063291', ''),
(708, 9, '17096581', ''),
(709, 9, '17092091', ''),
(710, 9, '17092211', ''),
(711, 9, '17064161', '3'),
(712, 9, '17104831', ''),
(713, 9, '17050341', ''),
(714, 9, '17055021', ''),
(715, 9, '17086141', ''),
(716, 9, '17103881', ''),
(717, 9, '17092591', ''),
(718, 9, '17102211', ''),
(719, 9, '17067311', ''),
(720, 9, '17052201', ''),
(721, 9, '17067941', ''),
(722, 9, '17084001', ''),
(723, 9, '17102191', ''),
(724, 9, '17097641', ''),
(725, 9, '17104361', ''),
(726, 9, '17069581', '1'),
(727, 9, '17088231', ''),
(728, 9, '17091101', ''),
(729, 9, '17000255', ''),
(730, 9, '17067481', ''),
(731, 9, '17104541', ''),
(732, 9, '17039361', ''),
(733, 9, '17068491', ''),
(734, 9, '17092811', ''),
(735, 9, '17100181', ''),
(736, 9, '17072291', ''),
(737, 9, '17072271', ''),
(738, 9, '17055071', ''),
(739, 9, '17049321', ''),
(740, 9, '17072771', ''),
(741, 9, '17076441', ''),
(742, 9, '17067101', ''),
(743, 9, '17067591', ''),
(744, 9, '17104051', ''),
(745, 9, '17067011', ''),
(746, 9, '17051211', ''),
(747, 9, '17056171', ''),
(748, 9, '17082251', ''),
(749, 9, '17089691', ''),
(750, 9, '17102741', ''),
(751, 9, '17053001', ''),
(752, 9, '17072101', ''),
(753, 9, '17064121', ''),
(754, 9, '17082141', ''),
(755, 9, '17099171', ''),
(756, 9, '17052171', ''),
(757, 9, '17054961', ''),
(758, 9, '17079291', ''),
(759, 9, '17089511', '1'),
(760, 9, '17094691', ''),
(761, 9, '17062361', ''),
(762, 9, '17100921', ''),
(763, 9, '17047901', ''),
(764, 9, '17045511', ''),
(765, 9, '17043411', ''),
(766, 9, '17100141', ''),
(767, 9, '17001035', ''),
(768, 9, '17048661', ''),
(769, 9, '17050711', ''),
(770, 9, '17066361', ''),
(771, 9, '17089681', ''),
(772, 9, '17075921', ''),
(773, 9, '17096881', '3'),
(774, 9, '17093341', ''),
(775, 10, '17049601', ''),
(776, 10, '17064471', ''),
(777, 10, '17064371', ''),
(778, 10, '17070091', ''),
(779, 10, '17083921', ''),
(780, 10, '17064611', ''),
(781, 10, '17071891', ''),
(782, 10, '17068771', ''),
(783, 10, '17068361', ''),
(784, 10, '17096351', ''),
(785, 10, '17063671', ''),
(786, 10, '17055191', ''),
(787, 10, '17063591', ''),
(788, 10, '17072931', ''),
(789, 10, '17094681', ''),
(790, 10, '17070691', ''),
(791, 10, '17071341', ''),
(792, 10, '17055221', ''),
(793, 10, '17063291', ''),
(794, 10, '17096581', ''),
(795, 10, '17092091', ''),
(796, 10, '17092211', ''),
(797, 10, '17064161', ''),
(798, 10, '17104831', ''),
(799, 10, '17050341', ''),
(800, 10, '17055021', ''),
(801, 10, '17086141', ''),
(802, 10, '17103881', ''),
(803, 10, '17092591', ''),
(804, 10, '17102211', ''),
(805, 10, '17067311', ''),
(806, 10, '17052201', ''),
(807, 10, '17067941', ''),
(808, 10, '17084001', ''),
(809, 10, '17102191', ''),
(810, 10, '17097641', ''),
(811, 10, '17104361', ''),
(812, 10, '17069581', ''),
(813, 10, '17088231', ''),
(814, 10, '17091101', ''),
(815, 10, '17000255', ''),
(816, 10, '17067481', ''),
(817, 10, '17104541', ''),
(818, 10, '17039361', ''),
(819, 10, '17068491', ''),
(820, 10, '17092811', ''),
(821, 10, '17100181', ''),
(822, 10, '17072291', ''),
(823, 10, '17072271', ''),
(824, 10, '17055071', ''),
(825, 10, '17049321', ''),
(826, 10, '17072771', ''),
(827, 10, '17076441', ''),
(828, 10, '17067101', ''),
(829, 10, '17067591', ''),
(830, 10, '17104051', ''),
(831, 10, '17067011', ''),
(832, 10, '17051211', ''),
(833, 10, '17056171', ''),
(834, 10, '17082251', ''),
(835, 10, '17089691', ''),
(836, 10, '17102741', ''),
(837, 10, '17053001', ''),
(838, 10, '17072101', ''),
(839, 10, '17064121', ''),
(840, 10, '17082141', ''),
(841, 10, '17099171', ''),
(842, 10, '17052171', ''),
(843, 10, '17054961', ''),
(844, 10, '17079291', ''),
(845, 10, '17089511', ''),
(846, 10, '17094691', ''),
(847, 10, '17062361', ''),
(848, 10, '17100921', ''),
(849, 10, '17047901', ''),
(850, 10, '17045511', ''),
(851, 10, '17043411', ''),
(852, 10, '17100141', ''),
(853, 10, '17001035', ''),
(854, 10, '17048661', ''),
(855, 10, '17050711', ''),
(856, 10, '17066361', ''),
(857, 10, '17089681', ''),
(858, 10, '17075921', ''),
(859, 10, '17096881', ''),
(860, 10, '17093341', ''),
(861, 11, '17049601', ''),
(862, 11, '17064471', ''),
(863, 11, '17064371', ''),
(864, 11, '17070091', ''),
(865, 11, '17083921', ''),
(866, 11, '17064611', ''),
(867, 11, '17071891', ''),
(868, 11, '17068771', ''),
(869, 11, '17068361', ''),
(870, 11, '17096351', ''),
(871, 11, '17063671', ''),
(872, 11, '17055191', ''),
(873, 11, '17063591', ''),
(874, 11, '17072931', ''),
(875, 11, '17094681', ''),
(876, 11, '17070691', ''),
(877, 11, '17071341', ''),
(878, 11, '17055221', ''),
(879, 11, '17063291', ''),
(880, 11, '17096581', ''),
(881, 11, '17092091', ''),
(882, 11, '17092211', ''),
(883, 11, '17064161', ''),
(884, 11, '17104831', ''),
(885, 11, '17050341', ''),
(886, 11, '17055021', ''),
(887, 11, '17086141', ''),
(888, 11, '17103881', ''),
(889, 11, '17092591', ''),
(890, 11, '17102211', ''),
(891, 11, '17067311', ''),
(892, 11, '17052201', ''),
(893, 11, '17067941', ''),
(894, 11, '17084001', ''),
(895, 11, '17102191', ''),
(896, 11, '17097641', ''),
(897, 11, '17104361', ''),
(898, 11, '17069581', ''),
(899, 11, '17088231', ''),
(900, 11, '17091101', ''),
(901, 11, '17000255', ''),
(902, 11, '17067481', ''),
(903, 11, '17104541', ''),
(904, 11, '17039361', ''),
(905, 11, '17068491', ''),
(906, 11, '17092811', ''),
(907, 11, '17100181', ''),
(908, 11, '17072291', ''),
(909, 11, '17072271', ''),
(910, 11, '17055071', ''),
(911, 11, '17049321', ''),
(912, 11, '17072771', ''),
(913, 11, '17076441', ''),
(914, 11, '17067101', ''),
(915, 11, '17067591', ''),
(916, 11, '17104051', ''),
(917, 11, '17067011', ''),
(918, 11, '17051211', ''),
(919, 11, '17056171', ''),
(920, 11, '17082251', ''),
(921, 11, '17089691', ''),
(922, 11, '17102741', ''),
(923, 11, '17053001', ''),
(924, 11, '17072101', ''),
(925, 11, '17064121', ''),
(926, 11, '17082141', ''),
(927, 11, '17099171', ''),
(928, 11, '17052171', ''),
(929, 11, '17054961', ''),
(930, 11, '17079291', ''),
(931, 11, '17089511', ''),
(932, 11, '17094691', ''),
(933, 11, '17062361', ''),
(934, 11, '17100921', ''),
(935, 11, '17047901', ''),
(936, 11, '17045511', ''),
(937, 11, '17043411', '2'),
(938, 11, '17100141', '2'),
(939, 11, '17001035', ''),
(940, 11, '17048661', ''),
(941, 11, '17050711', ''),
(942, 11, '17066361', ''),
(943, 11, '17089681', ''),
(944, 11, '17075921', ''),
(945, 11, '17096881', ''),
(946, 11, '17093341', ''),
(947, 12, '17049601', ''),
(948, 12, '17064471', ''),
(949, 12, '17064371', ''),
(950, 12, '17070091', ''),
(951, 12, '17083921', ''),
(952, 12, '17064611', ''),
(953, 12, '17071891', ''),
(954, 12, '17068771', ''),
(955, 12, '17068361', ''),
(956, 12, '17096351', ''),
(957, 12, '17063671', ''),
(958, 12, '17055191', ''),
(959, 12, '17063591', ''),
(960, 12, '17072931', ''),
(961, 12, '17094681', ''),
(962, 12, '17070691', ''),
(963, 12, '17071341', ''),
(964, 12, '17055221', ''),
(965, 12, '17063291', '1'),
(966, 12, '17096581', ''),
(967, 12, '17092091', ''),
(968, 12, '17092211', ''),
(969, 12, '17064161', '2'),
(970, 12, '17104831', '3'),
(971, 12, '17050341', ''),
(972, 12, '17055021', ''),
(973, 12, '17086141', ''),
(974, 12, '17103881', ''),
(975, 12, '17092591', ''),
(976, 12, '17102211', ''),
(977, 12, '17067311', ''),
(978, 12, '17052201', ''),
(979, 12, '17067941', ''),
(980, 12, '17084001', ''),
(981, 12, '17102191', ''),
(982, 12, '17097641', ''),
(983, 12, '17104361', ''),
(984, 12, '17069581', ''),
(985, 12, '17088231', ''),
(986, 12, '17091101', ''),
(987, 12, '17000255', ''),
(988, 12, '17067481', ''),
(989, 12, '17104541', ''),
(990, 12, '17039361', ''),
(991, 12, '17068491', ''),
(992, 12, '17092811', ''),
(993, 12, '17100181', ''),
(994, 12, '17072291', ''),
(995, 12, '17072271', ''),
(996, 12, '17055071', ''),
(997, 12, '17049321', ''),
(998, 12, '17072771', ''),
(999, 12, '17076441', ''),
(1000, 12, '17067101', ''),
(1001, 12, '17067591', ''),
(1002, 12, '17104051', ''),
(1003, 12, '17067011', ''),
(1004, 12, '17051211', ''),
(1005, 12, '17056171', ''),
(1006, 12, '17082251', ''),
(1007, 12, '17089691', ''),
(1008, 12, '17102741', ''),
(1009, 12, '17053001', ''),
(1010, 12, '17072101', ''),
(1011, 12, '17064121', ''),
(1012, 12, '17082141', ''),
(1013, 12, '17099171', ''),
(1014, 12, '17052171', ''),
(1015, 12, '17054961', ''),
(1016, 12, '17079291', ''),
(1017, 12, '17089511', ''),
(1018, 12, '17094691', ''),
(1019, 12, '17062361', ''),
(1020, 12, '17100921', ''),
(1021, 12, '17047901', ''),
(1022, 12, '17045511', ''),
(1023, 12, '17043411', ''),
(1024, 12, '17100141', ''),
(1025, 12, '17001035', ''),
(1026, 12, '17048661', ''),
(1027, 12, '17050711', ''),
(1028, 12, '17066361', ''),
(1029, 12, '17089681', ''),
(1030, 12, '17075921', ''),
(1031, 12, '17096881', ''),
(1032, 12, '17093341', ''),
(1033, 13, '17049601', ''),
(1034, 13, '17064471', ''),
(1035, 13, '17064371', ''),
(1036, 13, '17070091', ''),
(1037, 13, '17083921', ''),
(1038, 13, '17064611', ''),
(1039, 13, '17071891', ''),
(1040, 13, '17068771', ''),
(1041, 13, '17068361', ''),
(1042, 13, '17096351', ''),
(1043, 13, '17063671', ''),
(1044, 13, '17055191', ''),
(1045, 13, '17063591', ''),
(1046, 13, '17072931', ''),
(1047, 13, '17094681', ''),
(1048, 13, '17070691', ''),
(1049, 13, '17071341', ''),
(1050, 13, '17055221', ''),
(1051, 13, '17063291', ''),
(1052, 13, '17096581', ''),
(1053, 13, '17092091', ''),
(1054, 13, '17092211', ''),
(1055, 13, '17064161', ''),
(1056, 13, '17104831', ''),
(1057, 13, '17050341', ''),
(1058, 13, '17055021', ''),
(1059, 13, '17086141', ''),
(1060, 13, '17103881', ''),
(1061, 13, '17092591', ''),
(1062, 13, '17102211', ''),
(1063, 13, '17067311', ''),
(1064, 13, '17052201', ''),
(1065, 13, '17067941', ''),
(1066, 13, '17084001', ''),
(1067, 13, '17102191', ''),
(1068, 13, '17097641', ''),
(1069, 13, '17104361', ''),
(1070, 13, '17069581', ''),
(1071, 13, '17088231', ''),
(1072, 13, '17091101', ''),
(1073, 13, '17000255', ''),
(1074, 13, '17067481', ''),
(1075, 13, '17104541', ''),
(1076, 13, '17039361', ''),
(1077, 13, '17068491', ''),
(1078, 13, '17092811', ''),
(1079, 13, '17100181', ''),
(1080, 13, '17072291', ''),
(1081, 13, '17072271', ''),
(1082, 13, '17055071', ''),
(1083, 13, '17049321', ''),
(1084, 13, '17072771', ''),
(1085, 13, '17076441', ''),
(1086, 13, '17067101', ''),
(1087, 13, '17067591', ''),
(1088, 13, '17104051', ''),
(1089, 13, '17067011', ''),
(1090, 13, '17051211', ''),
(1091, 13, '17056171', ''),
(1092, 13, '17082251', ''),
(1093, 13, '17089691', ''),
(1094, 13, '17102741', ''),
(1095, 13, '17053001', ''),
(1096, 13, '17072101', ''),
(1097, 13, '17064121', ''),
(1098, 13, '17082141', ''),
(1099, 13, '17099171', ''),
(1100, 13, '17052171', ''),
(1101, 13, '17054961', ''),
(1102, 13, '17079291', ''),
(1103, 13, '17089511', ''),
(1104, 13, '17094691', ''),
(1105, 13, '17062361', ''),
(1106, 13, '17100921', ''),
(1107, 13, '17047901', ''),
(1108, 13, '17045511', ''),
(1109, 13, '17043411', ''),
(1110, 13, '17100141', ''),
(1111, 13, '17001035', ''),
(1112, 13, '17048661', ''),
(1113, 13, '17050711', ''),
(1114, 13, '17066361', ''),
(1115, 13, '17089681', ''),
(1116, 13, '17075921', ''),
(1117, 13, '17096881', ''),
(1118, 13, '17093341', ''),
(1119, 14, '17049601', ''),
(1120, 14, '17064471', ''),
(1121, 14, '17064371', ''),
(1122, 14, '17070091', ''),
(1123, 14, '17083921', ''),
(1124, 14, '17064611', ''),
(1125, 14, '17071891', ''),
(1126, 14, '17068771', ''),
(1127, 14, '17068361', ''),
(1128, 14, '17096351', ''),
(1129, 14, '17063671', ''),
(1130, 14, '17055191', ''),
(1131, 14, '17063591', ''),
(1132, 14, '17072931', ''),
(1133, 14, '17094681', ''),
(1134, 14, '17070691', ''),
(1135, 14, '17071341', ''),
(1136, 14, '17055221', ''),
(1137, 14, '17063291', ''),
(1138, 14, '17096581', ''),
(1139, 14, '17092091', ''),
(1140, 14, '17092211', ''),
(1141, 14, '17064161', ''),
(1142, 14, '17104831', ''),
(1143, 14, '17050341', ''),
(1144, 14, '17055021', ''),
(1145, 14, '17086141', ''),
(1146, 14, '17103881', ''),
(1147, 14, '17092591', ''),
(1148, 14, '17102211', ''),
(1149, 14, '17067311', ''),
(1150, 14, '17052201', ''),
(1151, 14, '17067941', ''),
(1152, 14, '17084001', ''),
(1153, 14, '17102191', ''),
(1154, 14, '17097641', ''),
(1155, 14, '17104361', ''),
(1156, 14, '17069581', ''),
(1157, 14, '17088231', ''),
(1158, 14, '17091101', ''),
(1159, 14, '17000255', ''),
(1160, 14, '17067481', ''),
(1161, 14, '17104541', ''),
(1162, 14, '17039361', ''),
(1163, 14, '17068491', ''),
(1164, 14, '17092811', ''),
(1165, 14, '17100181', ''),
(1166, 14, '17072291', ''),
(1167, 14, '17072271', ''),
(1168, 14, '17055071', ''),
(1169, 14, '17049321', ''),
(1170, 14, '17072771', ''),
(1171, 14, '17076441', ''),
(1172, 14, '17067101', ''),
(1173, 14, '17067591', ''),
(1174, 14, '17104051', ''),
(1175, 14, '17067011', ''),
(1176, 14, '17051211', ''),
(1177, 14, '17056171', ''),
(1178, 14, '17082251', ''),
(1179, 14, '17089691', ''),
(1180, 14, '17102741', ''),
(1181, 14, '17053001', ''),
(1182, 14, '17072101', ''),
(1183, 14, '17064121', ''),
(1184, 14, '17082141', '3'),
(1185, 14, '17099171', '3'),
(1186, 14, '17052171', ''),
(1187, 14, '17054961', ''),
(1188, 14, '17079291', ''),
(1189, 14, '17089511', ''),
(1190, 14, '17094691', ''),
(1191, 14, '17062361', ''),
(1192, 14, '17100921', ''),
(1193, 14, '17047901', ''),
(1194, 14, '17045511', ''),
(1195, 14, '17043411', ''),
(1196, 14, '17100141', ''),
(1197, 14, '17001035', '3'),
(1198, 14, '17048661', ''),
(1199, 14, '17050711', ''),
(1200, 14, '17066361', '3'),
(1201, 14, '17089681', ''),
(1202, 14, '17075921', ''),
(1203, 14, '17096881', ''),
(1204, 14, '17093341', ''),
(1205, 15, '17049601', ''),
(1206, 15, '17064471', ''),
(1207, 15, '17064371', ''),
(1208, 15, '17070091', ''),
(1209, 15, '17083921', ''),
(1210, 15, '17064611', ''),
(1211, 15, '17071891', ''),
(1212, 15, '17068771', ''),
(1213, 15, '17068361', ''),
(1214, 15, '17096351', ''),
(1215, 15, '17063671', ''),
(1216, 15, '17055191', ''),
(1217, 15, '17063591', ''),
(1218, 15, '17072931', ''),
(1219, 15, '17094681', ''),
(1220, 15, '17070691', ''),
(1221, 15, '17071341', ''),
(1222, 15, '17055221', ''),
(1223, 15, '17063291', ''),
(1224, 15, '17096581', ''),
(1225, 15, '17092091', ''),
(1226, 15, '17092211', ''),
(1227, 15, '17064161', ''),
(1228, 15, '17104831', ''),
(1229, 15, '17050341', ''),
(1230, 15, '17055021', ''),
(1231, 15, '17086141', ''),
(1232, 15, '17103881', ''),
(1233, 15, '17092591', ''),
(1234, 15, '17102211', ''),
(1235, 15, '17067311', ''),
(1236, 15, '17052201', ''),
(1237, 15, '17067941', ''),
(1238, 15, '17084001', '3'),
(1239, 15, '17102191', ''),
(1240, 15, '17097641', ''),
(1241, 15, '17104361', ''),
(1242, 15, '17069581', ''),
(1243, 15, '17088231', ''),
(1244, 15, '17091101', ''),
(1245, 15, '17000255', ''),
(1246, 15, '17067481', ''),
(1247, 15, '17104541', ''),
(1248, 15, '17039361', ''),
(1249, 15, '17068491', ''),
(1250, 15, '17092811', ''),
(1251, 15, '17100181', ''),
(1252, 15, '17072291', ''),
(1253, 15, '17072271', ''),
(1254, 15, '17055071', ''),
(1255, 15, '17049321', ''),
(1256, 15, '17072771', '3'),
(1257, 15, '17076441', ''),
(1258, 15, '17067101', ''),
(1259, 15, '17067591', ''),
(1260, 15, '17104051', ''),
(1261, 15, '17067011', ''),
(1262, 15, '17051211', ''),
(1263, 15, '17056171', ''),
(1264, 15, '17082251', ''),
(1265, 15, '17089691', ''),
(1266, 15, '17102741', ''),
(1267, 15, '17053001', ''),
(1268, 15, '17072101', ''),
(1269, 15, '17064121', ''),
(1270, 15, '17082141', '3'),
(1271, 15, '17099171', ''),
(1272, 15, '17052171', ''),
(1273, 15, '17054961', ''),
(1274, 15, '17079291', '3'),
(1275, 15, '17089511', ''),
(1276, 15, '17094691', ''),
(1277, 15, '17062361', ''),
(1278, 15, '17100921', ''),
(1279, 15, '17047901', ''),
(1280, 15, '17045511', ''),
(1281, 15, '17043411', ''),
(1282, 15, '17100141', ''),
(1283, 15, '17001035', '3'),
(1284, 15, '17048661', ''),
(1285, 15, '17050711', ''),
(1286, 15, '17066361', ''),
(1287, 15, '17089681', ''),
(1288, 15, '17075921', ''),
(1289, 15, '17096881', ''),
(1290, 15, '17093341', ''),
(1291, 16, '17049601', ''),
(1292, 16, '17064471', ''),
(1293, 16, '17064371', ''),
(1294, 16, '17070091', ''),
(1295, 16, '17083921', ''),
(1296, 16, '17064611', ''),
(1297, 16, '17071891', ''),
(1298, 16, '17068771', ''),
(1299, 16, '17068361', ''),
(1300, 16, '17096351', ''),
(1301, 16, '17063671', ''),
(1302, 16, '17055191', ''),
(1303, 16, '17063591', ''),
(1304, 16, '17072931', ''),
(1305, 16, '17094681', ''),
(1306, 16, '17070691', ''),
(1307, 16, '17071341', ''),
(1308, 16, '17055221', ''),
(1309, 16, '17063291', ''),
(1310, 16, '17096581', ''),
(1311, 16, '17092091', ''),
(1312, 16, '17092211', ''),
(1313, 16, '17064161', '3'),
(1314, 16, '17104831', ''),
(1315, 16, '17050341', '3'),
(1316, 16, '17055021', ''),
(1317, 16, '17086141', ''),
(1318, 16, '17103881', ''),
(1319, 16, '17092591', ''),
(1320, 16, '17102211', ''),
(1321, 16, '17067311', ''),
(1322, 16, '17052201', ''),
(1323, 16, '17067941', ''),
(1324, 16, '17084001', '2'),
(1325, 16, '17102191', ''),
(1326, 16, '17097641', ''),
(1327, 16, '17104361', ''),
(1328, 16, '17069581', ''),
(1329, 16, '17088231', ''),
(1330, 16, '17091101', ''),
(1331, 16, '17000255', ''),
(1332, 16, '17067481', ''),
(1333, 16, '17104541', ''),
(1334, 16, '17039361', ''),
(1335, 16, '17068491', ''),
(1336, 16, '17092811', ''),
(1337, 16, '17100181', ''),
(1338, 16, '17072291', ''),
(1339, 16, '17072271', ''),
(1340, 16, '17055071', ''),
(1341, 16, '17049321', ''),
(1342, 16, '17072771', ''),
(1343, 16, '17076441', ''),
(1344, 16, '17067101', ''),
(1345, 16, '17067591', ''),
(1346, 16, '17104051', ''),
(1347, 16, '17067011', ''),
(1348, 16, '17051211', ''),
(1349, 16, '17056171', ''),
(1350, 16, '17082251', ''),
(1351, 16, '17089691', ''),
(1352, 16, '17102741', ''),
(1353, 16, '17053001', ''),
(1354, 16, '17072101', ''),
(1355, 16, '17064121', ''),
(1356, 16, '17082141', ''),
(1357, 16, '17099171', ''),
(1358, 16, '17052171', ''),
(1359, 16, '17054961', ''),
(1360, 16, '17079291', '2'),
(1361, 16, '17089511', ''),
(1362, 16, '17094691', ''),
(1363, 16, '17062361', ''),
(1364, 16, '17100921', ''),
(1365, 16, '17047901', ''),
(1366, 16, '17045511', ''),
(1367, 16, '17043411', ''),
(1368, 16, '17100141', ''),
(1369, 16, '17001035', ''),
(1370, 16, '17048661', ''),
(1371, 16, '17050711', ''),
(1372, 16, '17066361', ''),
(1373, 16, '17089681', ''),
(1374, 16, '17075921', '2'),
(1375, 16, '17096881', ''),
(1376, 16, '17093341', ''),
(1377, 17, '17049601', ''),
(1378, 17, '17064471', ''),
(1379, 17, '17064371', ''),
(1380, 17, '17070091', ''),
(1381, 17, '17083921', ''),
(1382, 17, '17064611', ''),
(1383, 17, '17071891', ''),
(1384, 17, '17068771', ''),
(1385, 17, '17068361', ''),
(1386, 17, '17096351', ''),
(1387, 17, '17063671', ''),
(1388, 17, '17055191', ''),
(1389, 17, '17063591', ''),
(1390, 17, '17072931', ''),
(1391, 17, '17094681', ''),
(1392, 17, '17070691', ''),
(1393, 17, '17071341', ''),
(1394, 17, '17055221', ''),
(1395, 17, '17063291', ''),
(1396, 17, '17096581', ''),
(1397, 17, '17092091', ''),
(1398, 17, '17092211', ''),
(1399, 17, '17064161', ''),
(1400, 17, '17104831', ''),
(1401, 17, '17050341', ''),
(1402, 17, '17055021', ''),
(1403, 17, '17086141', ''),
(1404, 17, '17103881', ''),
(1405, 17, '17092591', ''),
(1406, 17, '17102211', ''),
(1407, 17, '17067311', ''),
(1408, 17, '17052201', ''),
(1409, 17, '17067941', ''),
(1410, 17, '17084001', ''),
(1411, 17, '17102191', ''),
(1412, 17, '17097641', ''),
(1413, 17, '17104361', ''),
(1414, 17, '17069581', ''),
(1415, 17, '17088231', ''),
(1416, 17, '17091101', ''),
(1417, 17, '17000255', ''),
(1418, 17, '17067481', ''),
(1419, 17, '17104541', ''),
(1420, 17, '17039361', ''),
(1421, 17, '17068491', ''),
(1422, 17, '17092811', ''),
(1423, 17, '17100181', ''),
(1424, 17, '17072291', ''),
(1425, 17, '17072271', ''),
(1426, 17, '17055071', ''),
(1427, 17, '17049321', ''),
(1428, 17, '17072771', ''),
(1429, 17, '17076441', ''),
(1430, 17, '17067101', ''),
(1431, 17, '17067591', ''),
(1432, 17, '17104051', ''),
(1433, 17, '17067011', ''),
(1434, 17, '17051211', ''),
(1435, 17, '17056171', ''),
(1436, 17, '17082251', ''),
(1437, 17, '17089691', ''),
(1438, 17, '17102741', ''),
(1439, 17, '17053001', ''),
(1440, 17, '17072101', ''),
(1441, 17, '17064121', ''),
(1442, 17, '17082141', ''),
(1443, 17, '17099171', ''),
(1444, 17, '17052171', ''),
(1445, 17, '17054961', ''),
(1446, 17, '17079291', ''),
(1447, 17, '17089511', ''),
(1448, 17, '17094691', ''),
(1449, 17, '17062361', ''),
(1450, 17, '17100921', ''),
(1451, 17, '17047901', ''),
(1452, 17, '17045511', ''),
(1453, 17, '17043411', ''),
(1454, 17, '17100141', ''),
(1455, 17, '17001035', ''),
(1456, 17, '17048661', ''),
(1457, 17, '17050711', ''),
(1458, 17, '17066361', ''),
(1459, 17, '17089681', ''),
(1460, 17, '17075921', ''),
(1461, 17, '17096881', ''),
(1462, 17, '17093341', ''),
(1463, 18, '17049601', ''),
(1464, 18, '17064471', ''),
(1465, 18, '17064371', ''),
(1466, 18, '17070091', ''),
(1467, 18, '17083921', ''),
(1468, 18, '17064611', ''),
(1469, 18, '17071891', ''),
(1470, 18, '17068771', ''),
(1471, 18, '17068361', ''),
(1472, 18, '17096351', ''),
(1473, 18, '17063671', ''),
(1474, 18, '17055191', ''),
(1475, 18, '17063591', ''),
(1476, 18, '17072931', ''),
(1477, 18, '17094681', ''),
(1478, 18, '17070691', ''),
(1479, 18, '17071341', ''),
(1480, 18, '17055221', ''),
(1481, 18, '17063291', ''),
(1482, 18, '17096581', ''),
(1483, 18, '17092091', ''),
(1484, 18, '17092211', ''),
(1485, 18, '17064161', ''),
(1486, 18, '17104831', ''),
(1487, 18, '17050341', ''),
(1488, 18, '17055021', ''),
(1489, 18, '17086141', ''),
(1490, 18, '17103881', ''),
(1491, 18, '17092591', ''),
(1492, 18, '17102211', ''),
(1493, 18, '17067311', ''),
(1494, 18, '17052201', ''),
(1495, 18, '17067941', ''),
(1496, 18, '17084001', ''),
(1497, 18, '17102191', ''),
(1498, 18, '17097641', ''),
(1499, 18, '17104361', ''),
(1500, 18, '17069581', ''),
(1501, 18, '17088231', ''),
(1502, 18, '17091101', ''),
(1503, 18, '17000255', ''),
(1504, 18, '17067481', ''),
(1505, 18, '17104541', ''),
(1506, 18, '17039361', ''),
(1507, 18, '17068491', ''),
(1508, 18, '17092811', ''),
(1509, 18, '17100181', ''),
(1510, 18, '17072291', ''),
(1511, 18, '17072271', ''),
(1512, 18, '17055071', ''),
(1513, 18, '17049321', ''),
(1514, 18, '17072771', ''),
(1515, 18, '17076441', ''),
(1516, 18, '17067101', ''),
(1517, 18, '17067591', ''),
(1518, 18, '17104051', ''),
(1519, 18, '17067011', ''),
(1520, 18, '17051211', ''),
(1521, 18, '17056171', ''),
(1522, 18, '17082251', ''),
(1523, 18, '17089691', ''),
(1524, 18, '17102741', ''),
(1525, 18, '17053001', ''),
(1526, 18, '17072101', ''),
(1527, 18, '17064121', ''),
(1528, 18, '17082141', ''),
(1529, 18, '17099171', '3'),
(1530, 18, '17052171', ''),
(1531, 18, '17054961', ''),
(1532, 18, '17079291', ''),
(1533, 18, '17089511', '3'),
(1534, 18, '17094691', ''),
(1535, 18, '17062361', ''),
(1536, 18, '17100921', ''),
(1537, 18, '17047901', ''),
(1538, 18, '17045511', ''),
(1539, 18, '17043411', ''),
(1540, 18, '17100141', ''),
(1541, 18, '17001035', ''),
(1542, 18, '17048661', ''),
(1543, 18, '17050711', ''),
(1544, 18, '17066361', ''),
(1545, 18, '17089681', ''),
(1546, 18, '17075921', ''),
(1547, 18, '17096881', ''),
(1548, 18, '17093341', '3'),
(1549, 19, '17049601', '3'),
(1550, 19, '17064471', ''),
(1551, 19, '17064371', ''),
(1552, 19, '17070091', ''),
(1553, 19, '17083921', ''),
(1554, 19, '17064611', '1'),
(1555, 19, '17071891', ''),
(1556, 19, '17068771', '1'),
(1557, 19, '17068361', ''),
(1558, 19, '17096351', ''),
(1559, 19, '17063671', ''),
(1560, 19, '17055191', ''),
(1561, 19, '17063591', ''),
(1562, 19, '17072931', ''),
(1563, 19, '17094681', ''),
(1564, 19, '17070691', ''),
(1565, 19, '17071341', ''),
(1566, 19, '17055221', ''),
(1567, 19, '17063291', ''),
(1568, 19, '17096581', ''),
(1569, 19, '17092091', ''),
(1570, 19, '17092211', ''),
(1571, 19, '17064161', ''),
(1572, 19, '17104831', ''),
(1573, 19, '17050341', ''),
(1574, 19, '17055021', ''),
(1575, 19, '17086141', ''),
(1576, 19, '17103881', ''),
(1577, 19, '17092591', ''),
(1578, 19, '17102211', ''),
(1579, 19, '17067311', ''),
(1580, 19, '17052201', ''),
(1581, 19, '17067941', ''),
(1582, 19, '17084001', ''),
(1583, 19, '17102191', ''),
(1584, 19, '17097641', ''),
(1585, 19, '17104361', ''),
(1586, 19, '17069581', ''),
(1587, 19, '17088231', ''),
(1588, 19, '17091101', ''),
(1589, 19, '17000255', ''),
(1590, 19, '17067481', ''),
(1591, 19, '17104541', ''),
(1592, 19, '17039361', ''),
(1593, 19, '17068491', ''),
(1594, 19, '17092811', ''),
(1595, 19, '17100181', ''),
(1596, 19, '17072291', ''),
(1597, 19, '17072271', ''),
(1598, 19, '17055071', ''),
(1599, 19, '17049321', ''),
(1600, 19, '17072771', ''),
(1601, 19, '17076441', ''),
(1602, 19, '17067101', ''),
(1603, 19, '17067591', ''),
(1604, 19, '17104051', ''),
(1605, 19, '17067011', ''),
(1606, 19, '17051211', ''),
(1607, 19, '17056171', ''),
(1608, 19, '17082251', ''),
(1609, 19, '17089691', ''),
(1610, 19, '17102741', ''),
(1611, 19, '17053001', ''),
(1612, 19, '17072101', ''),
(1613, 19, '17064121', ''),
(1614, 19, '17082141', ''),
(1615, 19, '17099171', ''),
(1616, 19, '17052171', ''),
(1617, 19, '17054961', ''),
(1618, 19, '17079291', ''),
(1619, 19, '17089511', ''),
(1620, 19, '17094691', ''),
(1621, 19, '17062361', ''),
(1622, 19, '17100921', ''),
(1623, 19, '17047901', ''),
(1624, 19, '17045511', ''),
(1625, 19, '17043411', ''),
(1626, 19, '17100141', ''),
(1627, 19, '17001035', ''),
(1628, 19, '17048661', ''),
(1629, 19, '17050711', ''),
(1630, 19, '17066361', ''),
(1631, 19, '17089681', ''),
(1632, 19, '17075921', ''),
(1633, 19, '17096881', ''),
(1634, 19, '17093341', ''),
(1635, 20, '17049601', ''),
(1636, 20, '17064471', ''),
(1637, 20, '17064371', ''),
(1638, 20, '17070091', ''),
(1639, 20, '17083921', ''),
(1640, 20, '17064611', ''),
(1641, 20, '17071891', ''),
(1642, 20, '17068771', ''),
(1643, 20, '17068361', ''),
(1644, 20, '17096351', ''),
(1645, 20, '17063671', ''),
(1646, 20, '17055191', ''),
(1647, 20, '17063591', ''),
(1648, 20, '17072931', ''),
(1649, 20, '17094681', ''),
(1650, 20, '17070691', ''),
(1651, 20, '17071341', ''),
(1652, 20, '17055221', ''),
(1653, 20, '17063291', ''),
(1654, 20, '17096581', ''),
(1655, 20, '17092091', ''),
(1656, 20, '17092211', ''),
(1657, 20, '17064161', ''),
(1658, 20, '17104831', ''),
(1659, 20, '17050341', ''),
(1660, 20, '17055021', ''),
(1661, 20, '17086141', ''),
(1662, 20, '17103881', ''),
(1663, 20, '17092591', '3'),
(1664, 20, '17102211', ''),
(1665, 20, '17067311', ''),
(1666, 20, '17052201', ''),
(1667, 20, '17067941', ''),
(1668, 20, '17084001', ''),
(1669, 20, '17102191', ''),
(1670, 20, '17097641', ''),
(1671, 20, '17104361', ''),
(1672, 20, '17069581', ''),
(1673, 20, '17088231', ''),
(1674, 20, '17091101', ''),
(1675, 20, '17000255', ''),
(1676, 20, '17067481', ''),
(1677, 20, '17104541', ''),
(1678, 20, '17039361', ''),
(1679, 20, '17068491', ''),
(1680, 20, '17092811', ''),
(1681, 20, '17100181', ''),
(1682, 20, '17072291', ''),
(1683, 20, '17072271', ''),
(1684, 20, '17055071', ''),
(1685, 20, '17049321', ''),
(1686, 20, '17072771', ''),
(1687, 20, '17076441', ''),
(1688, 20, '17067101', '3'),
(1689, 20, '17067591', ''),
(1690, 20, '17104051', ''),
(1691, 20, '17067011', ''),
(1692, 20, '17051211', ''),
(1693, 20, '17056171', ''),
(1694, 20, '17082251', ''),
(1695, 20, '17089691', ''),
(1696, 20, '17102741', ''),
(1697, 20, '17053001', ''),
(1698, 20, '17072101', ''),
(1699, 20, '17064121', ''),
(1700, 20, '17082141', ''),
(1701, 20, '17099171', ''),
(1702, 20, '17052171', ''),
(1703, 20, '17054961', ''),
(1704, 20, '17079291', ''),
(1705, 20, '17089511', ''),
(1706, 20, '17094691', ''),
(1707, 20, '17062361', ''),
(1708, 20, '17100921', ''),
(1709, 20, '17047901', ''),
(1710, 20, '17045511', ''),
(1711, 20, '17043411', ''),
(1712, 20, '17100141', ''),
(1713, 20, '17001035', ''),
(1714, 20, '17048661', ''),
(1715, 20, '17050711', ''),
(1716, 20, '17066361', ''),
(1717, 20, '17089681', ''),
(1718, 20, '17075921', ''),
(1719, 20, '17096881', ''),
(1720, 20, '17093341', ''),
(1721, 21, '17049601', ''),
(1722, 21, '17064471', ''),
(1723, 21, '17064371', ''),
(1724, 21, '17070091', ''),
(1725, 21, '17083921', ''),
(1726, 21, '17064611', ''),
(1727, 21, '17071891', ''),
(1728, 21, '17068771', ''),
(1729, 21, '17068361', ''),
(1730, 21, '17096351', ''),
(1731, 21, '17063671', ''),
(1732, 21, '17055191', ''),
(1733, 21, '17063591', ''),
(1734, 21, '17072931', ''),
(1735, 21, '17094681', ''),
(1736, 21, '17070691', ''),
(1737, 21, '17071341', ''),
(1738, 21, '17055221', '3'),
(1739, 21, '17063291', ''),
(1740, 21, '17096581', ''),
(1741, 21, '17092091', ''),
(1742, 21, '17092211', ''),
(1743, 21, '17064161', ''),
(1744, 21, '17104831', ''),
(1745, 21, '17050341', ''),
(1746, 21, '17055021', ''),
(1747, 21, '17086141', ''),
(1748, 21, '17103881', ''),
(1749, 21, '17092591', ''),
(1750, 21, '17102211', ''),
(1751, 21, '17067311', ''),
(1752, 21, '17052201', ''),
(1753, 21, '17067941', ''),
(1754, 21, '17084001', ''),
(1755, 21, '17102191', ''),
(1756, 21, '17097641', ''),
(1757, 21, '17104361', ''),
(1758, 21, '17069581', ''),
(1759, 21, '17088231', ''),
(1760, 21, '17091101', ''),
(1761, 21, '17000255', ''),
(1762, 21, '17067481', ''),
(1763, 21, '17104541', ''),
(1764, 21, '17039361', ''),
(1765, 21, '17068491', ''),
(1766, 21, '17092811', ''),
(1767, 21, '17100181', ''),
(1768, 21, '17072291', ''),
(1769, 21, '17072271', ''),
(1770, 21, '17055071', ''),
(1771, 21, '17049321', ''),
(1772, 21, '17072771', ''),
(1773, 21, '17076441', ''),
(1774, 21, '17067101', ''),
(1775, 21, '17067591', ''),
(1776, 21, '17104051', ''),
(1777, 21, '17067011', ''),
(1778, 21, '17051211', ''),
(1779, 21, '17056171', ''),
(1780, 21, '17082251', ''),
(1781, 21, '17089691', ''),
(1782, 21, '17102741', ''),
(1783, 21, '17053001', ''),
(1784, 21, '17072101', ''),
(1785, 21, '17064121', ''),
(1786, 21, '17082141', ''),
(1787, 21, '17099171', ''),
(1788, 21, '17052171', ''),
(1789, 21, '17054961', ''),
(1790, 21, '17079291', ''),
(1791, 21, '17089511', ''),
(1792, 21, '17094691', ''),
(1793, 21, '17062361', ''),
(1794, 21, '17100921', ''),
(1795, 21, '17047901', ''),
(1796, 21, '17045511', ''),
(1797, 21, '17043411', ''),
(1798, 21, '17100141', ''),
(1799, 21, '17001035', ''),
(1800, 21, '17048661', ''),
(1801, 21, '17050711', ''),
(1802, 21, '17066361', ''),
(1803, 21, '17089681', ''),
(1804, 21, '17075921', ''),
(1805, 21, '17096881', ''),
(1806, 21, '17093341', ''),
(1807, 22, '17049601', ''),
(1808, 22, '17064471', ''),
(1809, 22, '17064371', ''),
(1810, 22, '17070091', ''),
(1811, 22, '17083921', ''),
(1812, 22, '17064611', ''),
(1813, 22, '17071891', ''),
(1814, 22, '17068771', ''),
(1815, 22, '17068361', ''),
(1816, 22, '17096351', ''),
(1817, 22, '17063671', ''),
(1818, 22, '17055191', ''),
(1819, 22, '17063591', ''),
(1820, 22, '17072931', ''),
(1821, 22, '17094681', ''),
(1822, 22, '17070691', ''),
(1823, 22, '17071341', ''),
(1824, 22, '17055221', ''),
(1825, 22, '17063291', ''),
(1826, 22, '17096581', ''),
(1827, 22, '17092091', ''),
(1828, 22, '17092211', ''),
(1829, 22, '17064161', ''),
(1830, 22, '17104831', ''),
(1831, 22, '17050341', ''),
(1832, 22, '17055021', ''),
(1833, 22, '17086141', ''),
(1834, 22, '17103881', ''),
(1835, 22, '17092591', ''),
(1836, 22, '17102211', ''),
(1837, 22, '17067311', ''),
(1838, 22, '17052201', ''),
(1839, 22, '17067941', ''),
(1840, 22, '17084001', ''),
(1841, 22, '17102191', ''),
(1842, 22, '17097641', ''),
(1843, 22, '17104361', ''),
(1844, 22, '17069581', ''),
(1845, 22, '17088231', ''),
(1846, 22, '17091101', ''),
(1847, 22, '17000255', ''),
(1848, 22, '17067481', ''),
(1849, 22, '17104541', ''),
(1850, 22, '17039361', ''),
(1851, 22, '17068491', ''),
(1852, 22, '17092811', ''),
(1853, 22, '17100181', ''),
(1854, 22, '17072291', ''),
(1855, 22, '17072271', ''),
(1856, 22, '17055071', ''),
(1857, 22, '17049321', ''),
(1858, 22, '17072771', ''),
(1859, 22, '17076441', ''),
(1860, 22, '17067101', ''),
(1861, 22, '17067591', ''),
(1862, 22, '17104051', ''),
(1863, 22, '17067011', ''),
(1864, 22, '17051211', ''),
(1865, 22, '17056171', ''),
(1866, 22, '17082251', ''),
(1867, 22, '17089691', ''),
(1868, 22, '17102741', ''),
(1869, 22, '17053001', ''),
(1870, 22, '17072101', ''),
(1871, 22, '17064121', ''),
(1872, 22, '17082141', ''),
(1873, 22, '17099171', ''),
(1874, 22, '17052171', ''),
(1875, 22, '17054961', ''),
(1876, 22, '17079291', ''),
(1877, 22, '17089511', ''),
(1878, 22, '17094691', ''),
(1879, 22, '17062361', ''),
(1880, 22, '17100921', ''),
(1881, 22, '17047901', ''),
(1882, 22, '17045511', ''),
(1883, 22, '17043411', ''),
(1884, 22, '17100141', ''),
(1885, 22, '17001035', ''),
(1886, 22, '17048661', ''),
(1887, 22, '17050711', ''),
(1888, 22, '17066361', ''),
(1889, 22, '17089681', ''),
(1890, 22, '17075921', ''),
(1891, 22, '17096881', ''),
(1892, 22, '17093341', ''),
(1893, 23, '17049601', '3'),
(1894, 23, '17064471', ''),
(1895, 23, '17064371', ''),
(1896, 23, '17070091', ''),
(1897, 23, '17083921', ''),
(1898, 23, '17064611', ''),
(1899, 23, '17071891', ''),
(1900, 23, '17068771', ''),
(1901, 23, '17068361', ''),
(1902, 23, '17096351', ''),
(1903, 23, '17063671', ''),
(1904, 23, '17055191', ''),
(1905, 23, '17063591', ''),
(1906, 23, '17072931', ''),
(1907, 23, '17094681', ''),
(1908, 23, '17070691', ''),
(1909, 23, '17071341', ''),
(1910, 23, '17055221', ''),
(1911, 23, '17063291', ''),
(1912, 23, '17096581', ''),
(1913, 23, '17092091', ''),
(1914, 23, '17092211', ''),
(1915, 23, '17064161', ''),
(1916, 23, '17104831', ''),
(1917, 23, '17050341', ''),
(1918, 23, '17055021', ''),
(1919, 23, '17086141', ''),
(1920, 23, '17103881', ''),
(1921, 23, '17092591', ''),
(1922, 23, '17102211', ''),
(1923, 23, '17067311', ''),
(1924, 23, '17052201', ''),
(1925, 23, '17067941', ''),
(1926, 23, '17084001', ''),
(1927, 23, '17102191', ''),
(1928, 23, '17097641', ''),
(1929, 23, '17104361', ''),
(1930, 23, '17069581', ''),
(1931, 23, '17088231', ''),
(1932, 23, '17091101', ''),
(1933, 23, '17000255', ''),
(1934, 23, '17067481', ''),
(1935, 23, '17104541', ''),
(1936, 23, '17039361', ''),
(1937, 23, '17068491', ''),
(1938, 23, '17092811', ''),
(1939, 23, '17100181', ''),
(1940, 23, '17072291', ''),
(1941, 23, '17072271', ''),
(1942, 23, '17055071', ''),
(1943, 23, '17049321', ''),
(1944, 23, '17072771', ''),
(1945, 23, '17076441', ''),
(1946, 23, '17067101', ''),
(1947, 23, '17067591', ''),
(1948, 23, '17104051', ''),
(1949, 23, '17067011', ''),
(1950, 23, '17051211', ''),
(1951, 23, '17056171', ''),
(1952, 23, '17082251', ''),
(1953, 23, '17089691', ''),
(1954, 23, '17102741', ''),
(1955, 23, '17053001', ''),
(1956, 23, '17072101', ''),
(1957, 23, '17064121', ''),
(1958, 23, '17082141', ''),
(1959, 23, '17099171', ''),
(1960, 23, '17052171', ''),
(1961, 23, '17054961', ''),
(1962, 23, '17079291', ''),
(1963, 23, '17089511', ''),
(1964, 23, '17094691', ''),
(1965, 23, '17062361', ''),
(1966, 23, '17100921', ''),
(1967, 23, '17047901', ''),
(1968, 23, '17045511', ''),
(1969, 23, '17043411', ''),
(1970, 23, '17100141', ''),
(1971, 23, '17001035', ''),
(1972, 23, '17048661', ''),
(1973, 23, '17050711', ''),
(1974, 23, '17066361', ''),
(1975, 23, '17089681', ''),
(1976, 23, '17075921', ''),
(1977, 23, '17096881', ''),
(1978, 23, '17093341', ''),
(1979, 24, '17049601', ''),
(1980, 24, '17064471', ''),
(1981, 24, '17064371', ''),
(1982, 24, '17070091', ''),
(1983, 24, '17083921', ''),
(1984, 24, '17064611', ''),
(1985, 24, '17071891', ''),
(1986, 24, '17068771', ''),
(1987, 24, '17068361', ''),
(1988, 24, '17096351', ''),
(1989, 24, '17063671', '');
INSERT INTO `chi_tiet_diem_danh` (`id_chi_tiet_diem_danh`, `id_diem_danh`, `ma_sv`, `trang_thai_diem_danh`) VALUES
(1990, 24, '17055191', ''),
(1991, 24, '17063591', ''),
(1992, 24, '17072931', ''),
(1993, 24, '17094681', ''),
(1994, 24, '17070691', ''),
(1995, 24, '17071341', ''),
(1996, 24, '17055221', ''),
(1997, 24, '17063291', ''),
(1998, 24, '17096581', ''),
(1999, 24, '17092091', ''),
(2000, 24, '17092211', ''),
(2001, 24, '17064161', ''),
(2002, 24, '17104831', ''),
(2003, 24, '17050341', ''),
(2004, 24, '17055021', ''),
(2005, 24, '17086141', ''),
(2006, 24, '17103881', ''),
(2007, 24, '17092591', ''),
(2008, 24, '17102211', ''),
(2009, 24, '17067311', ''),
(2010, 24, '17052201', ''),
(2011, 24, '17067941', ''),
(2012, 24, '17084001', '2'),
(2013, 24, '17102191', ''),
(2014, 24, '17097641', ''),
(2015, 24, '17104361', ''),
(2016, 24, '17069581', ''),
(2017, 24, '17088231', ''),
(2018, 24, '17091101', ''),
(2019, 24, '17000255', ''),
(2020, 24, '17067481', ''),
(2021, 24, '17104541', ''),
(2022, 24, '17039361', ''),
(2023, 24, '17068491', ''),
(2024, 24, '17092811', ''),
(2025, 24, '17100181', ''),
(2026, 24, '17072291', ''),
(2027, 24, '17072271', ''),
(2028, 24, '17055071', ''),
(2029, 24, '17049321', ''),
(2030, 24, '17072771', ''),
(2031, 24, '17076441', ''),
(2032, 24, '17067101', ''),
(2033, 24, '17067591', ''),
(2034, 24, '17104051', ''),
(2035, 24, '17067011', ''),
(2036, 24, '17051211', ''),
(2037, 24, '17056171', ''),
(2038, 24, '17082251', ''),
(2039, 24, '17089691', ''),
(2040, 24, '17102741', ''),
(2041, 24, '17053001', ''),
(2042, 24, '17072101', ''),
(2043, 24, '17064121', ''),
(2044, 24, '17082141', ''),
(2045, 24, '17099171', ''),
(2046, 24, '17052171', ''),
(2047, 24, '17054961', ''),
(2048, 24, '17079291', '2'),
(2049, 24, '17089511', ''),
(2050, 24, '17094691', ''),
(2051, 24, '17062361', ''),
(2052, 24, '17100921', ''),
(2053, 24, '17047901', ''),
(2054, 24, '17045511', ''),
(2055, 24, '17043411', ''),
(2056, 24, '17100141', ''),
(2057, 24, '17001035', ''),
(2058, 24, '17048661', ''),
(2059, 24, '17050711', ''),
(2060, 24, '17066361', ''),
(2061, 24, '17089681', ''),
(2062, 24, '17075921', ''),
(2063, 24, '17096881', ''),
(2064, 24, '17093341', ''),
(2065, 25, '17049601', ''),
(2066, 25, '17064471', ''),
(2067, 25, '17064371', ''),
(2068, 25, '17070091', ''),
(2069, 25, '17083921', ''),
(2070, 25, '17064611', ''),
(2071, 25, '17071891', ''),
(2072, 25, '17068771', ''),
(2073, 25, '17068361', ''),
(2074, 25, '17096351', ''),
(2075, 25, '17063671', ''),
(2076, 25, '17055191', ''),
(2077, 25, '17063591', ''),
(2078, 25, '17072931', ''),
(2079, 25, '17094681', ''),
(2080, 25, '17070691', ''),
(2081, 25, '17071341', ''),
(2082, 25, '17055221', ''),
(2083, 25, '17063291', ''),
(2084, 25, '17096581', ''),
(2085, 25, '17092091', ''),
(2086, 25, '17092211', ''),
(2087, 25, '17064161', ''),
(2088, 25, '17104831', ''),
(2089, 25, '17050341', ''),
(2090, 25, '17055021', ''),
(2091, 25, '17086141', ''),
(2092, 25, '17103881', ''),
(2093, 25, '17092591', '3'),
(2094, 25, '17102211', ''),
(2095, 25, '17067311', ''),
(2096, 25, '17052201', ''),
(2097, 25, '17067941', ''),
(2098, 25, '17084001', ''),
(2099, 25, '17102191', ''),
(2100, 25, '17097641', ''),
(2101, 25, '17104361', ''),
(2102, 25, '17069581', ''),
(2103, 25, '17088231', ''),
(2104, 25, '17091101', ''),
(2105, 25, '17000255', ''),
(2106, 25, '17067481', ''),
(2107, 25, '17104541', ''),
(2108, 25, '17039361', ''),
(2109, 25, '17068491', ''),
(2110, 25, '17092811', ''),
(2111, 25, '17100181', ''),
(2112, 25, '17072291', ''),
(2113, 25, '17072271', ''),
(2114, 25, '17055071', ''),
(2115, 25, '17049321', ''),
(2116, 25, '17072771', '1'),
(2117, 25, '17076441', '3'),
(2118, 25, '17067101', ''),
(2119, 25, '17067591', ''),
(2120, 25, '17104051', ''),
(2121, 25, '17067011', ''),
(2122, 25, '17051211', ''),
(2123, 25, '17056171', ''),
(2124, 25, '17082251', ''),
(2125, 25, '17089691', ''),
(2126, 25, '17102741', ''),
(2127, 25, '17053001', ''),
(2128, 25, '17072101', ''),
(2129, 25, '17064121', ''),
(2130, 25, '17082141', ''),
(2131, 25, '17099171', ''),
(2132, 25, '17052171', ''),
(2133, 25, '17054961', ''),
(2134, 25, '17079291', ''),
(2135, 25, '17089511', ''),
(2136, 25, '17094691', ''),
(2137, 25, '17062361', ''),
(2138, 25, '17100921', ''),
(2139, 25, '17047901', ''),
(2140, 25, '17045511', ''),
(2141, 25, '17043411', ''),
(2142, 25, '17100141', ''),
(2143, 25, '17001035', ''),
(2144, 25, '17048661', ''),
(2145, 25, '17050711', ''),
(2146, 25, '17066361', ''),
(2147, 25, '17089681', ''),
(2148, 25, '17075921', ''),
(2149, 25, '17096881', ''),
(2150, 25, '17093341', ''),
(2151, 26, '17049601', ''),
(2152, 26, '17064471', ''),
(2153, 26, '17064371', ''),
(2154, 26, '17070091', ''),
(2155, 26, '17083921', ''),
(2156, 26, '17064611', ''),
(2157, 26, '17071891', ''),
(2158, 26, '17068771', ''),
(2159, 26, '17068361', ''),
(2160, 26, '17096351', ''),
(2161, 26, '17063671', ''),
(2162, 26, '17055191', ''),
(2163, 26, '17063591', ''),
(2164, 26, '17072931', ''),
(2165, 26, '17094681', ''),
(2166, 26, '17070691', ''),
(2167, 26, '17071341', ''),
(2168, 26, '17055221', ''),
(2169, 26, '17063291', ''),
(2170, 26, '17096581', ''),
(2171, 26, '17092091', ''),
(2172, 26, '17092211', ''),
(2173, 26, '17064161', ''),
(2174, 26, '17104831', ''),
(2175, 26, '17050341', ''),
(2176, 26, '17055021', ''),
(2177, 26, '17086141', ''),
(2178, 26, '17103881', ''),
(2179, 26, '17092591', ''),
(2180, 26, '17102211', ''),
(2181, 26, '17067311', ''),
(2182, 26, '17052201', ''),
(2183, 26, '17067941', ''),
(2184, 26, '17084001', ''),
(2185, 26, '17102191', ''),
(2186, 26, '17097641', ''),
(2187, 26, '17104361', ''),
(2188, 26, '17069581', ''),
(2189, 26, '17088231', ''),
(2190, 26, '17091101', ''),
(2191, 26, '17000255', ''),
(2192, 26, '17067481', ''),
(2193, 26, '17104541', ''),
(2194, 26, '17039361', ''),
(2195, 26, '17068491', ''),
(2196, 26, '17092811', ''),
(2197, 26, '17100181', ''),
(2198, 26, '17072291', ''),
(2199, 26, '17072271', ''),
(2200, 26, '17055071', ''),
(2201, 26, '17049321', ''),
(2202, 26, '17072771', ''),
(2203, 26, '17076441', ''),
(2204, 26, '17067101', ''),
(2205, 26, '17067591', ''),
(2206, 26, '17104051', ''),
(2207, 26, '17067011', ''),
(2208, 26, '17051211', ''),
(2209, 26, '17056171', ''),
(2210, 26, '17082251', ''),
(2211, 26, '17089691', ''),
(2212, 26, '17102741', ''),
(2213, 26, '17053001', ''),
(2214, 26, '17072101', ''),
(2215, 26, '17064121', ''),
(2216, 26, '17082141', ''),
(2217, 26, '17099171', ''),
(2218, 26, '17052171', ''),
(2219, 26, '17054961', ''),
(2220, 26, '17079291', ''),
(2221, 26, '17089511', ''),
(2222, 26, '17094691', ''),
(2223, 26, '17062361', ''),
(2224, 26, '17100921', ''),
(2225, 26, '17047901', ''),
(2226, 26, '17045511', ''),
(2227, 26, '17043411', ''),
(2228, 26, '17100141', ''),
(2229, 26, '17001035', ''),
(2230, 26, '17048661', ''),
(2231, 26, '17050711', ''),
(2232, 26, '17066361', ''),
(2233, 26, '17089681', ''),
(2234, 26, '17075921', ''),
(2235, 26, '17096881', ''),
(2236, 26, '17093341', ''),
(2237, 27, '17049601', ''),
(2238, 27, '17064471', ''),
(2239, 27, '17064371', ''),
(2240, 27, '17070091', ''),
(2241, 27, '17083921', ''),
(2242, 27, '17064611', ''),
(2243, 27, '17071891', ''),
(2244, 27, '17068771', ''),
(2245, 27, '17068361', ''),
(2246, 27, '17096351', ''),
(2247, 27, '17063671', ''),
(2248, 27, '17055191', ''),
(2249, 27, '17063591', ''),
(2250, 27, '17072931', ''),
(2251, 27, '17094681', ''),
(2252, 27, '17070691', ''),
(2253, 27, '17071341', ''),
(2254, 27, '17055221', ''),
(2255, 27, '17063291', ''),
(2256, 27, '17096581', ''),
(2257, 27, '17092091', ''),
(2258, 27, '17092211', ''),
(2259, 27, '17064161', ''),
(2260, 27, '17104831', ''),
(2261, 27, '17050341', ''),
(2262, 27, '17055021', ''),
(2263, 27, '17086141', ''),
(2264, 27, '17103881', ''),
(2265, 27, '17092591', ''),
(2266, 27, '17102211', ''),
(2267, 27, '17067311', ''),
(2268, 27, '17052201', ''),
(2269, 27, '17067941', ''),
(2270, 27, '17084001', ''),
(2271, 27, '17102191', ''),
(2272, 27, '17097641', ''),
(2273, 27, '17104361', ''),
(2274, 27, '17069581', ''),
(2275, 27, '17088231', ''),
(2276, 27, '17091101', ''),
(2277, 27, '17000255', ''),
(2278, 27, '17067481', ''),
(2279, 27, '17104541', ''),
(2280, 27, '17039361', ''),
(2281, 27, '17068491', ''),
(2282, 27, '17092811', ''),
(2283, 27, '17100181', ''),
(2284, 27, '17072291', ''),
(2285, 27, '17072271', ''),
(2286, 27, '17055071', ''),
(2287, 27, '17049321', ''),
(2288, 27, '17072771', ''),
(2289, 27, '17076441', ''),
(2290, 27, '17067101', ''),
(2291, 27, '17067591', ''),
(2292, 27, '17104051', ''),
(2293, 27, '17067011', ''),
(2294, 27, '17051211', ''),
(2295, 27, '17056171', ''),
(2296, 27, '17082251', ''),
(2297, 27, '17089691', ''),
(2298, 27, '17102741', ''),
(2299, 27, '17053001', ''),
(2300, 27, '17072101', ''),
(2301, 27, '17064121', ''),
(2302, 27, '17082141', ''),
(2303, 27, '17099171', ''),
(2304, 27, '17052171', ''),
(2305, 27, '17054961', ''),
(2306, 27, '17079291', ''),
(2307, 27, '17089511', ''),
(2308, 27, '17094691', ''),
(2309, 27, '17062361', ''),
(2310, 27, '17100921', ''),
(2311, 27, '17047901', ''),
(2312, 27, '17045511', ''),
(2313, 27, '17043411', '3'),
(2314, 27, '17100141', ''),
(2315, 27, '17001035', '2'),
(2316, 27, '17048661', ''),
(2317, 27, '17050711', ''),
(2318, 27, '17066361', ''),
(2319, 27, '17089681', '2'),
(2320, 27, '17075921', ''),
(2321, 27, '17096881', ''),
(2322, 27, '17093341', ''),
(2323, 28, '17049601', ''),
(2324, 28, '17064471', ''),
(2325, 28, '17064371', ''),
(2326, 28, '17070091', ''),
(2327, 28, '17083921', ''),
(2328, 28, '17064611', ''),
(2329, 28, '17071891', ''),
(2330, 28, '17068771', ''),
(2331, 28, '17068361', ''),
(2332, 28, '17096351', ''),
(2333, 28, '17063671', ''),
(2334, 28, '17055191', ''),
(2335, 28, '17063591', ''),
(2336, 28, '17072931', ''),
(2337, 28, '17094681', ''),
(2338, 28, '17070691', ''),
(2339, 28, '17071341', ''),
(2340, 28, '17055221', ''),
(2341, 28, '17063291', ''),
(2342, 28, '17096581', ''),
(2343, 28, '17092091', '2'),
(2344, 28, '17092211', ''),
(2345, 28, '17064161', ''),
(2346, 28, '17104831', ''),
(2347, 28, '17050341', ''),
(2348, 28, '17055021', '1'),
(2349, 28, '17086141', ''),
(2350, 28, '17103881', ''),
(2351, 28, '17092591', ''),
(2352, 28, '17102211', ''),
(2353, 28, '17067311', ''),
(2354, 28, '17052201', ''),
(2355, 28, '17067941', ''),
(2356, 28, '17084001', ''),
(2357, 28, '17102191', ''),
(2358, 28, '17097641', ''),
(2359, 28, '17104361', ''),
(2360, 28, '17069581', ''),
(2361, 28, '17088231', ''),
(2362, 28, '17091101', ''),
(2363, 28, '17000255', ''),
(2364, 28, '17067481', ''),
(2365, 28, '17104541', ''),
(2366, 28, '17039361', ''),
(2367, 28, '17068491', ''),
(2368, 28, '17092811', ''),
(2369, 28, '17100181', ''),
(2370, 28, '17072291', ''),
(2371, 28, '17072271', ''),
(2372, 28, '17055071', ''),
(2373, 28, '17049321', ''),
(2374, 28, '17072771', ''),
(2375, 28, '17076441', ''),
(2376, 28, '17067101', ''),
(2377, 28, '17067591', ''),
(2378, 28, '17104051', ''),
(2379, 28, '17067011', ''),
(2380, 28, '17051211', ''),
(2381, 28, '17056171', ''),
(2382, 28, '17082251', ''),
(2383, 28, '17089691', ''),
(2384, 28, '17102741', ''),
(2385, 28, '17053001', ''),
(2386, 28, '17072101', ''),
(2387, 28, '17064121', ''),
(2388, 28, '17082141', ''),
(2389, 28, '17099171', ''),
(2390, 28, '17052171', ''),
(2391, 28, '17054961', ''),
(2392, 28, '17079291', ''),
(2393, 28, '17089511', ''),
(2394, 28, '17094691', ''),
(2395, 28, '17062361', ''),
(2396, 28, '17100921', ''),
(2397, 28, '17047901', ''),
(2398, 28, '17045511', ''),
(2399, 28, '17043411', ''),
(2400, 28, '17100141', ''),
(2401, 28, '17001035', ''),
(2402, 28, '17048661', ''),
(2403, 28, '17050711', ''),
(2404, 28, '17066361', ''),
(2405, 28, '17089681', ''),
(2406, 28, '17075921', ''),
(2407, 28, '17096881', ''),
(2408, 28, '17093341', ''),
(2409, 29, '17049601', ''),
(2410, 29, '17064471', ''),
(2411, 29, '17064371', ''),
(2412, 29, '17070091', ''),
(2413, 29, '17083921', ''),
(2414, 29, '17064611', ''),
(2415, 29, '17071891', ''),
(2416, 29, '17068771', ''),
(2417, 29, '17068361', ''),
(2418, 29, '17096351', ''),
(2419, 29, '17063671', ''),
(2420, 29, '17055191', ''),
(2421, 29, '17063591', ''),
(2422, 29, '17072931', ''),
(2423, 29, '17094681', ''),
(2424, 29, '17070691', ''),
(2425, 29, '17071341', ''),
(2426, 29, '17055221', ''),
(2427, 29, '17063291', ''),
(2428, 29, '17096581', ''),
(2429, 29, '17092091', ''),
(2430, 29, '17092211', ''),
(2431, 29, '17064161', ''),
(2432, 29, '17104831', ''),
(2433, 29, '17050341', ''),
(2434, 29, '17055021', ''),
(2435, 29, '17086141', ''),
(2436, 29, '17103881', ''),
(2437, 29, '17092591', ''),
(2438, 29, '17102211', ''),
(2439, 29, '17067311', ''),
(2440, 29, '17052201', ''),
(2441, 29, '17067941', ''),
(2442, 29, '17084001', ''),
(2443, 29, '17102191', ''),
(2444, 29, '17097641', ''),
(2445, 29, '17104361', ''),
(2446, 29, '17069581', ''),
(2447, 29, '17088231', ''),
(2448, 29, '17091101', ''),
(2449, 29, '17000255', ''),
(2450, 29, '17067481', ''),
(2451, 29, '17104541', ''),
(2452, 29, '17039361', ''),
(2453, 29, '17068491', ''),
(2454, 29, '17092811', ''),
(2455, 29, '17100181', ''),
(2456, 29, '17072291', ''),
(2457, 29, '17072271', ''),
(2458, 29, '17055071', ''),
(2459, 29, '17049321', ''),
(2460, 29, '17072771', ''),
(2461, 29, '17076441', ''),
(2462, 29, '17067101', ''),
(2463, 29, '17067591', ''),
(2464, 29, '17104051', ''),
(2465, 29, '17067011', ''),
(2466, 29, '17051211', ''),
(2467, 29, '17056171', ''),
(2468, 29, '17082251', ''),
(2469, 29, '17089691', ''),
(2470, 29, '17102741', ''),
(2471, 29, '17053001', ''),
(2472, 29, '17072101', ''),
(2473, 29, '17064121', ''),
(2474, 29, '17082141', ''),
(2475, 29, '17099171', ''),
(2476, 29, '17052171', ''),
(2477, 29, '17054961', ''),
(2478, 29, '17079291', ''),
(2479, 29, '17089511', ''),
(2480, 29, '17094691', ''),
(2481, 29, '17062361', ''),
(2482, 29, '17100921', ''),
(2483, 29, '17047901', ''),
(2484, 29, '17045511', ''),
(2485, 29, '17043411', ''),
(2486, 29, '17100141', ''),
(2487, 29, '17001035', ''),
(2488, 29, '17048661', ''),
(2489, 29, '17050711', ''),
(2490, 29, '17066361', ''),
(2491, 29, '17089681', ''),
(2492, 29, '17075921', ''),
(2493, 29, '17096881', ''),
(2494, 29, '17093341', ''),
(2495, 30, '17049601', ''),
(2496, 30, '17064471', ''),
(2497, 30, '17064371', ''),
(2498, 30, '17070091', ''),
(2499, 30, '17083921', ''),
(2500, 30, '17064611', ''),
(2501, 30, '17071891', ''),
(2502, 30, '17068771', ''),
(2503, 30, '17068361', ''),
(2504, 30, '17096351', ''),
(2505, 30, '17063671', ''),
(2506, 30, '17055191', ''),
(2507, 30, '17063591', ''),
(2508, 30, '17072931', ''),
(2509, 30, '17094681', ''),
(2510, 30, '17070691', ''),
(2511, 30, '17071341', ''),
(2512, 30, '17055221', ''),
(2513, 30, '17063291', ''),
(2514, 30, '17096581', ''),
(2515, 30, '17092091', ''),
(2516, 30, '17092211', ''),
(2517, 30, '17064161', ''),
(2518, 30, '17104831', ''),
(2519, 30, '17050341', ''),
(2520, 30, '17055021', ''),
(2521, 30, '17086141', ''),
(2522, 30, '17103881', ''),
(2523, 30, '17092591', ''),
(2524, 30, '17102211', ''),
(2525, 30, '17067311', ''),
(2526, 30, '17052201', ''),
(2527, 30, '17067941', ''),
(2528, 30, '17084001', ''),
(2529, 30, '17102191', ''),
(2530, 30, '17097641', ''),
(2531, 30, '17104361', ''),
(2532, 30, '17069581', ''),
(2533, 30, '17088231', ''),
(2534, 30, '17091101', ''),
(2535, 30, '17000255', ''),
(2536, 30, '17067481', ''),
(2537, 30, '17104541', ''),
(2538, 30, '17039361', ''),
(2539, 30, '17068491', ''),
(2540, 30, '17092811', ''),
(2541, 30, '17100181', ''),
(2542, 30, '17072291', ''),
(2543, 30, '17072271', ''),
(2544, 30, '17055071', ''),
(2545, 30, '17049321', ''),
(2546, 30, '17072771', ''),
(2547, 30, '17076441', ''),
(2548, 30, '17067101', ''),
(2549, 30, '17067591', ''),
(2550, 30, '17104051', ''),
(2551, 30, '17067011', ''),
(2552, 30, '17051211', ''),
(2553, 30, '17056171', ''),
(2554, 30, '17082251', ''),
(2555, 30, '17089691', ''),
(2556, 30, '17102741', ''),
(2557, 30, '17053001', ''),
(2558, 30, '17072101', ''),
(2559, 30, '17064121', ''),
(2560, 30, '17082141', ''),
(2561, 30, '17099171', ''),
(2562, 30, '17052171', ''),
(2563, 30, '17054961', ''),
(2564, 30, '17079291', ''),
(2565, 30, '17089511', ''),
(2566, 30, '17094691', ''),
(2567, 30, '17062361', ''),
(2568, 30, '17100921', ''),
(2569, 30, '17047901', ''),
(2570, 30, '17045511', ''),
(2571, 30, '17043411', ''),
(2572, 30, '17100141', ''),
(2573, 30, '17001035', ''),
(2574, 30, '17048661', ''),
(2575, 30, '17050711', ''),
(2576, 30, '17066361', ''),
(2577, 30, '17089681', ''),
(2578, 30, '17075921', ''),
(2579, 30, '17096881', ''),
(2580, 30, '17093341', ''),
(2581, 31, '17049601', ''),
(2582, 31, '17064471', ''),
(2583, 31, '17064371', ''),
(2584, 31, '17070091', '3'),
(2585, 31, '17083921', ''),
(2586, 31, '17064611', ''),
(2587, 31, '17071891', ''),
(2588, 31, '17068771', ''),
(2589, 31, '17068361', ''),
(2590, 31, '17096351', ''),
(2591, 31, '17063671', ''),
(2592, 31, '17055191', ''),
(2593, 31, '17063591', ''),
(2594, 31, '17072931', ''),
(2595, 31, '17094681', ''),
(2596, 31, '17070691', ''),
(2597, 31, '17071341', ''),
(2598, 31, '17055221', ''),
(2599, 31, '17063291', ''),
(2600, 31, '17096581', ''),
(2601, 31, '17092091', ''),
(2602, 31, '17092211', ''),
(2603, 31, '17064161', ''),
(2604, 31, '17104831', ''),
(2605, 31, '17050341', ''),
(2606, 31, '17055021', ''),
(2607, 31, '17086141', ''),
(2608, 31, '17103881', ''),
(2609, 31, '17092591', ''),
(2610, 31, '17102211', ''),
(2611, 31, '17067311', ''),
(2612, 31, '17052201', ''),
(2613, 31, '17067941', ''),
(2614, 31, '17084001', '3'),
(2615, 31, '17102191', ''),
(2616, 31, '17097641', ''),
(2617, 31, '17104361', ''),
(2618, 31, '17069581', ''),
(2619, 31, '17088231', ''),
(2620, 31, '17091101', ''),
(2621, 31, '17000255', ''),
(2622, 31, '17067481', ''),
(2623, 31, '17104541', ''),
(2624, 31, '17039361', ''),
(2625, 31, '17068491', ''),
(2626, 31, '17092811', ''),
(2627, 31, '17100181', ''),
(2628, 31, '17072291', ''),
(2629, 31, '17072271', ''),
(2630, 31, '17055071', ''),
(2631, 31, '17049321', '3'),
(2632, 31, '17072771', ''),
(2633, 31, '17076441', ''),
(2634, 31, '17067101', ''),
(2635, 31, '17067591', ''),
(2636, 31, '17104051', ''),
(2637, 31, '17067011', ''),
(2638, 31, '17051211', '3'),
(2639, 31, '17056171', ''),
(2640, 31, '17082251', ''),
(2641, 31, '17089691', ''),
(2642, 31, '17102741', ''),
(2643, 31, '17053001', ''),
(2644, 31, '17072101', ''),
(2645, 31, '17064121', ''),
(2646, 31, '17082141', '3'),
(2647, 31, '17099171', ''),
(2648, 31, '17052171', ''),
(2649, 31, '17054961', ''),
(2650, 31, '17079291', '3'),
(2651, 31, '17089511', ''),
(2652, 31, '17094691', ''),
(2653, 31, '17062361', ''),
(2654, 31, '17100921', ''),
(2655, 31, '17047901', ''),
(2656, 31, '17045511', ''),
(2657, 31, '17043411', ''),
(2658, 31, '17100141', ''),
(2659, 31, '17001035', '3'),
(2660, 31, '17048661', ''),
(2661, 31, '17050711', ''),
(2662, 31, '17066361', ''),
(2663, 31, '17089681', ''),
(2664, 31, '17075921', '3'),
(2665, 31, '17096881', ''),
(2666, 31, '17093341', ''),
(2667, 32, '17049601', ''),
(2668, 32, '17064471', ''),
(2669, 32, '17064371', ''),
(2670, 32, '17070091', ''),
(2671, 32, '17083921', ''),
(2672, 32, '17064611', ''),
(2673, 32, '17071891', ''),
(2674, 32, '17068771', ''),
(2675, 32, '17068361', ''),
(2676, 32, '17096351', ''),
(2677, 32, '17063671', ''),
(2678, 32, '17055191', ''),
(2679, 32, '17063591', ''),
(2680, 32, '17072931', ''),
(2681, 32, '17094681', ''),
(2682, 32, '17070691', ''),
(2683, 32, '17071341', ''),
(2684, 32, '17055221', ''),
(2685, 32, '17063291', '3'),
(2686, 32, '17096581', ''),
(2687, 32, '17092091', ''),
(2688, 32, '17092211', ''),
(2689, 32, '17064161', ''),
(2690, 32, '17104831', ''),
(2691, 32, '17050341', ''),
(2692, 32, '17055021', ''),
(2693, 32, '17086141', ''),
(2694, 32, '17103881', ''),
(2695, 32, '17092591', ''),
(2696, 32, '17102211', ''),
(2697, 32, '17067311', '3'),
(2698, 32, '17052201', ''),
(2699, 32, '17067941', ''),
(2700, 32, '17084001', ''),
(2701, 32, '17102191', ''),
(2702, 32, '17097641', ''),
(2703, 32, '17104361', ''),
(2704, 32, '17069581', ''),
(2705, 32, '17088231', ''),
(2706, 32, '17091101', ''),
(2707, 32, '17000255', ''),
(2708, 32, '17067481', ''),
(2709, 32, '17104541', ''),
(2710, 32, '17039361', ''),
(2711, 32, '17068491', ''),
(2712, 32, '17092811', ''),
(2713, 32, '17100181', ''),
(2714, 32, '17072291', ''),
(2715, 32, '17072271', ''),
(2716, 32, '17055071', ''),
(2717, 32, '17049321', ''),
(2718, 32, '17072771', ''),
(2719, 32, '17076441', ''),
(2720, 32, '17067101', ''),
(2721, 32, '17067591', ''),
(2722, 32, '17104051', ''),
(2723, 32, '17067011', ''),
(2724, 32, '17051211', ''),
(2725, 32, '17056171', ''),
(2726, 32, '17082251', ''),
(2727, 32, '17089691', ''),
(2728, 32, '17102741', ''),
(2729, 32, '17053001', ''),
(2730, 32, '17072101', ''),
(2731, 32, '17064121', ''),
(2732, 32, '17082141', ''),
(2733, 32, '17099171', ''),
(2734, 32, '17052171', ''),
(2735, 32, '17054961', '3'),
(2736, 32, '17079291', ''),
(2737, 32, '17089511', ''),
(2738, 32, '17094691', ''),
(2739, 32, '17062361', ''),
(2740, 32, '17100921', ''),
(2741, 32, '17047901', ''),
(2742, 32, '17045511', ''),
(2743, 32, '17043411', ''),
(2744, 32, '17100141', ''),
(2745, 32, '17001035', ''),
(2746, 32, '17048661', ''),
(2747, 32, '17050711', ''),
(2748, 32, '17066361', ''),
(2749, 32, '17089681', ''),
(2750, 32, '17075921', ''),
(2751, 32, '17096881', ''),
(2752, 32, '17093341', ''),
(2753, 33, '17049601', ''),
(2754, 33, '17064471', ''),
(2755, 33, '17064371', ''),
(2756, 33, '17070091', ''),
(2757, 33, '17083921', ''),
(2758, 33, '17064611', ''),
(2759, 33, '17071891', ''),
(2760, 33, '17068771', ''),
(2761, 33, '17068361', ''),
(2762, 33, '17096351', ''),
(2763, 33, '17063671', ''),
(2764, 33, '17055191', ''),
(2765, 33, '17063591', ''),
(2766, 33, '17072931', ''),
(2767, 33, '17094681', ''),
(2768, 33, '17070691', ''),
(2769, 33, '17071341', ''),
(2770, 33, '17055221', ''),
(2771, 33, '17063291', ''),
(2772, 33, '17096581', ''),
(2773, 33, '17092091', ''),
(2774, 33, '17092211', ''),
(2775, 33, '17064161', ''),
(2776, 33, '17104831', ''),
(2777, 33, '17050341', ''),
(2778, 33, '17055021', ''),
(2779, 33, '17086141', ''),
(2780, 33, '17103881', ''),
(2781, 33, '17092591', ''),
(2782, 33, '17102211', '3'),
(2783, 33, '17067311', ''),
(2784, 33, '17052201', ''),
(2785, 33, '17067941', ''),
(2786, 33, '17084001', ''),
(2787, 33, '17102191', ''),
(2788, 33, '17097641', ''),
(2789, 33, '17104361', ''),
(2790, 33, '17069581', ''),
(2791, 33, '17088231', ''),
(2792, 33, '17091101', ''),
(2793, 33, '17000255', ''),
(2794, 33, '17067481', ''),
(2795, 33, '17104541', ''),
(2796, 33, '17039361', ''),
(2797, 33, '17068491', ''),
(2798, 33, '17092811', ''),
(2799, 33, '17100181', ''),
(2800, 33, '17072291', ''),
(2801, 33, '17072271', ''),
(2802, 33, '17055071', ''),
(2803, 33, '17049321', ''),
(2804, 33, '17072771', ''),
(2805, 33, '17076441', ''),
(2806, 33, '17067101', ''),
(2807, 33, '17067591', ''),
(2808, 33, '17104051', ''),
(2809, 33, '17067011', ''),
(2810, 33, '17051211', ''),
(2811, 33, '17056171', ''),
(2812, 33, '17082251', ''),
(2813, 33, '17089691', ''),
(2814, 33, '17102741', '3'),
(2815, 33, '17053001', '3'),
(2816, 33, '17072101', '3'),
(2817, 33, '17064121', ''),
(2818, 33, '17082141', ''),
(2819, 33, '17099171', ''),
(2820, 33, '17052171', ''),
(2821, 33, '17054961', ''),
(2822, 33, '17079291', ''),
(2823, 33, '17089511', ''),
(2824, 33, '17094691', ''),
(2825, 33, '17062361', ''),
(2826, 33, '17100921', ''),
(2827, 33, '17047901', ''),
(2828, 33, '17045511', ''),
(2829, 33, '17043411', ''),
(2830, 33, '17100141', ''),
(2831, 33, '17001035', ''),
(2832, 33, '17048661', ''),
(2833, 33, '17050711', ''),
(2834, 33, '17066361', ''),
(2835, 33, '17089681', ''),
(2836, 33, '17075921', ''),
(2837, 33, '17096881', '3'),
(2838, 33, '17093341', ''),
(2839, 34, '17049601', ''),
(2840, 34, '17064471', ''),
(2841, 34, '17064371', ''),
(2842, 34, '17070091', ''),
(2843, 34, '17083921', ''),
(2844, 34, '17064611', ''),
(2845, 34, '17071891', '3'),
(2846, 34, '17068771', ''),
(2847, 34, '17068361', ''),
(2848, 34, '17096351', ''),
(2849, 34, '17063671', ''),
(2850, 34, '17055191', ''),
(2851, 34, '17063591', ''),
(2852, 34, '17072931', ''),
(2853, 34, '17094681', ''),
(2854, 34, '17070691', ''),
(2855, 34, '17071341', ''),
(2856, 34, '17055221', ''),
(2857, 34, '17063291', ''),
(2858, 34, '17096581', ''),
(2859, 34, '17092091', ''),
(2860, 34, '17092211', ''),
(2861, 34, '17064161', ''),
(2862, 34, '17104831', ''),
(2863, 34, '17050341', ''),
(2864, 34, '17055021', ''),
(2865, 34, '17086141', ''),
(2866, 34, '17103881', ''),
(2867, 34, '17092591', ''),
(2868, 34, '17102211', ''),
(2869, 34, '17067311', ''),
(2870, 34, '17052201', ''),
(2871, 34, '17067941', ''),
(2872, 34, '17084001', ''),
(2873, 34, '17102191', ''),
(2874, 34, '17097641', ''),
(2875, 34, '17104361', ''),
(2876, 34, '17069581', '3'),
(2877, 34, '17088231', ''),
(2878, 34, '17091101', ''),
(2879, 34, '17000255', '3'),
(2880, 34, '17067481', ''),
(2881, 34, '17104541', ''),
(2882, 34, '17039361', ''),
(2883, 34, '17068491', ''),
(2884, 34, '17092811', ''),
(2885, 34, '17100181', ''),
(2886, 34, '17072291', ''),
(2887, 34, '17072271', ''),
(2888, 34, '17055071', ''),
(2889, 34, '17049321', ''),
(2890, 34, '17072771', ''),
(2891, 34, '17076441', ''),
(2892, 34, '17067101', ''),
(2893, 34, '17067591', ''),
(2894, 34, '17104051', ''),
(2895, 34, '17067011', ''),
(2896, 34, '17051211', ''),
(2897, 34, '17056171', ''),
(2898, 34, '17082251', ''),
(2899, 34, '17089691', ''),
(2900, 34, '17102741', ''),
(2901, 34, '17053001', ''),
(2902, 34, '17072101', ''),
(2903, 34, '17064121', ''),
(2904, 34, '17082141', ''),
(2905, 34, '17099171', ''),
(2906, 34, '17052171', ''),
(2907, 34, '17054961', ''),
(2908, 34, '17079291', ''),
(2909, 34, '17089511', ''),
(2910, 34, '17094691', ''),
(2911, 34, '17062361', ''),
(2912, 34, '17100921', ''),
(2913, 34, '17047901', ''),
(2914, 34, '17045511', ''),
(2915, 34, '17043411', ''),
(2916, 34, '17100141', ''),
(2917, 34, '17001035', ''),
(2918, 34, '17048661', ''),
(2919, 34, '17050711', ''),
(2920, 34, '17066361', ''),
(2921, 34, '17089681', ''),
(2922, 34, '17075921', ''),
(2923, 34, '17096881', ''),
(2924, 34, '17093341', ''),
(2925, 35, '17049601', ''),
(2926, 35, '17064471', ''),
(2927, 35, '17064371', ''),
(2928, 35, '17070091', ''),
(2929, 35, '17083921', ''),
(2930, 35, '17064611', ''),
(2931, 35, '17071891', ''),
(2932, 35, '17068771', ''),
(2933, 35, '17068361', ''),
(2934, 35, '17096351', ''),
(2935, 35, '17063671', ''),
(2936, 35, '17055191', ''),
(2937, 35, '17063591', ''),
(2938, 35, '17072931', ''),
(2939, 35, '17094681', ''),
(2940, 35, '17070691', ''),
(2941, 35, '17071341', ''),
(2942, 35, '17055221', ''),
(2943, 35, '17063291', ''),
(2944, 35, '17096581', ''),
(2945, 35, '17092091', ''),
(2946, 35, '17092211', ''),
(2947, 35, '17064161', ''),
(2948, 35, '17104831', ''),
(2949, 35, '17050341', ''),
(2950, 35, '17055021', ''),
(2951, 35, '17086141', ''),
(2952, 35, '17103881', ''),
(2953, 35, '17092591', ''),
(2954, 35, '17102211', ''),
(2955, 35, '17067311', ''),
(2956, 35, '17052201', ''),
(2957, 35, '17067941', ''),
(2958, 35, '17084001', '2'),
(2959, 35, '17102191', ''),
(2960, 35, '17097641', ''),
(2961, 35, '17104361', ''),
(2962, 35, '17069581', ''),
(2963, 35, '17088231', ''),
(2964, 35, '17091101', ''),
(2965, 35, '17000255', ''),
(2966, 35, '17067481', ''),
(2967, 35, '17104541', ''),
(2968, 35, '17039361', ''),
(2969, 35, '17068491', ''),
(2970, 35, '17092811', ''),
(2971, 35, '17100181', ''),
(2972, 35, '17072291', ''),
(2973, 35, '17072271', ''),
(2974, 35, '17055071', ''),
(2975, 35, '17049321', ''),
(2976, 35, '17072771', ''),
(2977, 35, '17076441', ''),
(2978, 35, '17067101', ''),
(2979, 35, '17067591', ''),
(2980, 35, '17104051', ''),
(2981, 35, '17067011', ''),
(2982, 35, '17051211', ''),
(2983, 35, '17056171', ''),
(2984, 35, '17082251', ''),
(2985, 35, '17089691', '3'),
(2986, 35, '17102741', '3'),
(2987, 35, '17053001', ''),
(2988, 35, '17072101', ''),
(2989, 35, '17064121', ''),
(2990, 35, '17082141', ''),
(2991, 35, '17099171', ''),
(2992, 35, '17052171', ''),
(2993, 35, '17054961', ''),
(2994, 35, '17079291', '2'),
(2995, 35, '17089511', ''),
(2996, 35, '17094691', ''),
(2997, 35, '17062361', ''),
(2998, 35, '17100921', ''),
(2999, 35, '17047901', ''),
(3000, 35, '17045511', ''),
(3001, 35, '17043411', '3'),
(3002, 35, '17100141', ''),
(3003, 35, '17001035', ''),
(3004, 35, '17048661', ''),
(3005, 35, '17050711', ''),
(3006, 35, '17066361', ''),
(3007, 35, '17089681', ''),
(3008, 35, '17075921', ''),
(3009, 35, '17096881', ''),
(3010, 35, '17093341', ''),
(3011, 36, '17049601', ''),
(3012, 36, '17064471', ''),
(3013, 36, '17064371', ''),
(3014, 36, '17070091', ''),
(3015, 36, '17083921', ''),
(3016, 36, '17064611', ''),
(3017, 36, '17071891', ''),
(3018, 36, '17068771', ''),
(3019, 36, '17068361', ''),
(3020, 36, '17096351', ''),
(3021, 36, '17063671', ''),
(3022, 36, '17055191', ''),
(3023, 36, '17063591', ''),
(3024, 36, '17072931', ''),
(3025, 36, '17094681', ''),
(3026, 36, '17070691', ''),
(3027, 36, '17071341', ''),
(3028, 36, '17055221', ''),
(3029, 36, '17063291', ''),
(3030, 36, '17096581', ''),
(3031, 36, '17092091', ''),
(3032, 36, '17092211', ''),
(3033, 36, '17064161', ''),
(3034, 36, '17104831', ''),
(3035, 36, '17050341', ''),
(3036, 36, '17055021', ''),
(3037, 36, '17086141', ''),
(3038, 36, '17103881', ''),
(3039, 36, '17092591', ''),
(3040, 36, '17102211', ''),
(3041, 36, '17067311', ''),
(3042, 36, '17052201', ''),
(3043, 36, '17067941', ''),
(3044, 36, '17084001', ''),
(3045, 36, '17102191', ''),
(3046, 36, '17097641', ''),
(3047, 36, '17104361', ''),
(3048, 36, '17069581', ''),
(3049, 36, '17088231', ''),
(3050, 36, '17091101', ''),
(3051, 36, '17000255', ''),
(3052, 36, '17067481', ''),
(3053, 36, '17104541', ''),
(3054, 36, '17039361', ''),
(3055, 36, '17068491', ''),
(3056, 36, '17092811', ''),
(3057, 36, '17100181', ''),
(3058, 36, '17072291', ''),
(3059, 36, '17072271', ''),
(3060, 36, '17055071', ''),
(3061, 36, '17049321', ''),
(3062, 36, '17072771', ''),
(3063, 36, '17076441', ''),
(3064, 36, '17067101', ''),
(3065, 36, '17067591', ''),
(3066, 36, '17104051', ''),
(3067, 36, '17067011', ''),
(3068, 36, '17051211', ''),
(3069, 36, '17056171', ''),
(3070, 36, '17082251', ''),
(3071, 36, '17089691', ''),
(3072, 36, '17102741', ''),
(3073, 36, '17053001', ''),
(3074, 36, '17072101', ''),
(3075, 36, '17064121', ''),
(3076, 36, '17082141', ''),
(3077, 36, '17099171', ''),
(3078, 36, '17052171', ''),
(3079, 36, '17054961', ''),
(3080, 36, '17079291', '3'),
(3081, 36, '17089511', ''),
(3082, 36, '17094691', ''),
(3083, 36, '17062361', ''),
(3084, 36, '17100921', ''),
(3085, 36, '17047901', ''),
(3086, 36, '17045511', ''),
(3087, 36, '17043411', ''),
(3088, 36, '17100141', ''),
(3089, 36, '17001035', ''),
(3090, 36, '17048661', ''),
(3091, 36, '17050711', ''),
(3092, 36, '17066361', ''),
(3093, 36, '17089681', ''),
(3094, 36, '17075921', ''),
(3095, 36, '17096881', '3'),
(3096, 36, '17093341', ''),
(3097, 37, '17049601', ''),
(3098, 37, '17064471', ''),
(3099, 37, '17064371', ''),
(3100, 37, '17070091', ''),
(3101, 37, '17083921', ''),
(3102, 37, '17064611', ''),
(3103, 37, '17071891', ''),
(3104, 37, '17068771', ''),
(3105, 37, '17068361', ''),
(3106, 37, '17096351', ''),
(3107, 37, '17063671', ''),
(3108, 37, '17055191', ''),
(3109, 37, '17063591', ''),
(3110, 37, '17072931', ''),
(3111, 37, '17094681', ''),
(3112, 37, '17070691', ''),
(3113, 37, '17071341', ''),
(3114, 37, '17055221', ''),
(3115, 37, '17063291', ''),
(3116, 37, '17096581', ''),
(3117, 37, '17092091', ''),
(3118, 37, '17092211', ''),
(3119, 37, '17064161', '3'),
(3120, 37, '17104831', ''),
(3121, 37, '17050341', ''),
(3122, 37, '17055021', ''),
(3123, 37, '17086141', ''),
(3124, 37, '17103881', '3'),
(3125, 37, '17092591', ''),
(3126, 37, '17102211', ''),
(3127, 37, '17067311', '3'),
(3128, 37, '17052201', ''),
(3129, 37, '17067941', ''),
(3130, 37, '17084001', ''),
(3131, 37, '17102191', ''),
(3132, 37, '17097641', ''),
(3133, 37, '17104361', ''),
(3134, 37, '17069581', ''),
(3135, 37, '17088231', ''),
(3136, 37, '17091101', ''),
(3137, 37, '17000255', ''),
(3138, 37, '17067481', ''),
(3139, 37, '17104541', ''),
(3140, 37, '17039361', ''),
(3141, 37, '17068491', ''),
(3142, 37, '17092811', ''),
(3143, 37, '17100181', ''),
(3144, 37, '17072291', ''),
(3145, 37, '17072271', ''),
(3146, 37, '17055071', ''),
(3147, 37, '17049321', ''),
(3148, 37, '17072771', ''),
(3149, 37, '17076441', ''),
(3150, 37, '17067101', ''),
(3151, 37, '17067591', ''),
(3152, 37, '17104051', ''),
(3153, 37, '17067011', ''),
(3154, 37, '17051211', ''),
(3155, 37, '17056171', ''),
(3156, 37, '17082251', ''),
(3157, 37, '17089691', ''),
(3158, 37, '17102741', ''),
(3159, 37, '17053001', ''),
(3160, 37, '17072101', ''),
(3161, 37, '17064121', ''),
(3162, 37, '17082141', ''),
(3163, 37, '17099171', ''),
(3164, 37, '17052171', ''),
(3165, 37, '17054961', ''),
(3166, 37, '17079291', ''),
(3167, 37, '17089511', ''),
(3168, 37, '17094691', ''),
(3169, 37, '17062361', ''),
(3170, 37, '17100921', ''),
(3171, 37, '17047901', ''),
(3172, 37, '17045511', ''),
(3173, 37, '17043411', ''),
(3174, 37, '17100141', ''),
(3175, 37, '17001035', ''),
(3176, 37, '17048661', ''),
(3177, 37, '17050711', ''),
(3178, 37, '17066361', ''),
(3179, 37, '17089681', ''),
(3180, 37, '17075921', ''),
(3181, 37, '17096881', ''),
(3182, 37, '17093341', ''),
(3183, 38, '17049601', ''),
(3184, 38, '17064471', ''),
(3185, 38, '17064371', ''),
(3186, 38, '17070091', ''),
(3187, 38, '17083921', ''),
(3188, 38, '17064611', ''),
(3189, 38, '17071891', ''),
(3190, 38, '17068771', ''),
(3191, 38, '17068361', ''),
(3192, 38, '17096351', ''),
(3193, 38, '17063671', ''),
(3194, 38, '17055191', ''),
(3195, 38, '17063591', ''),
(3196, 38, '17072931', ''),
(3197, 38, '17094681', ''),
(3198, 38, '17070691', ''),
(3199, 38, '17071341', ''),
(3200, 38, '17055221', ''),
(3201, 38, '17063291', ''),
(3202, 38, '17096581', ''),
(3203, 38, '17092091', ''),
(3204, 38, '17092211', ''),
(3205, 38, '17064161', ''),
(3206, 38, '17104831', ''),
(3207, 38, '17050341', ''),
(3208, 38, '17055021', ''),
(3209, 38, '17086141', ''),
(3210, 38, '17103881', ''),
(3211, 38, '17092591', ''),
(3212, 38, '17102211', ''),
(3213, 38, '17067311', ''),
(3214, 38, '17052201', ''),
(3215, 38, '17067941', ''),
(3216, 38, '17084001', ''),
(3217, 38, '17102191', ''),
(3218, 38, '17097641', ''),
(3219, 38, '17104361', ''),
(3220, 38, '17069581', ''),
(3221, 38, '17088231', ''),
(3222, 38, '17091101', ''),
(3223, 38, '17000255', ''),
(3224, 38, '17067481', ''),
(3225, 38, '17104541', ''),
(3226, 38, '17039361', ''),
(3227, 38, '17068491', ''),
(3228, 38, '17092811', ''),
(3229, 38, '17100181', ''),
(3230, 38, '17072291', ''),
(3231, 38, '17072271', ''),
(3232, 38, '17055071', ''),
(3233, 38, '17049321', ''),
(3234, 38, '17072771', ''),
(3235, 38, '17076441', ''),
(3236, 38, '17067101', ''),
(3237, 38, '17067591', ''),
(3238, 38, '17104051', ''),
(3239, 38, '17067011', ''),
(3240, 38, '17051211', ''),
(3241, 38, '17056171', ''),
(3242, 38, '17082251', ''),
(3243, 38, '17089691', ''),
(3244, 38, '17102741', ''),
(3245, 38, '17053001', ''),
(3246, 38, '17072101', ''),
(3247, 38, '17064121', ''),
(3248, 38, '17082141', ''),
(3249, 38, '17099171', ''),
(3250, 38, '17052171', ''),
(3251, 38, '17054961', ''),
(3252, 38, '17079291', ''),
(3253, 38, '17089511', ''),
(3254, 38, '17094691', ''),
(3255, 38, '17062361', ''),
(3256, 38, '17100921', ''),
(3257, 38, '17047901', ''),
(3258, 38, '17045511', ''),
(3259, 38, '17043411', ''),
(3260, 38, '17100141', ''),
(3261, 38, '17001035', ''),
(3262, 38, '17048661', ''),
(3263, 38, '17050711', ''),
(3264, 38, '17066361', ''),
(3265, 38, '17089681', ''),
(3266, 38, '17075921', ''),
(3267, 38, '17096881', ''),
(3268, 38, '17093341', ''),
(3269, 39, '17049601', ''),
(3270, 39, '17064471', ''),
(3271, 39, '17064371', ''),
(3272, 39, '17070091', ''),
(3273, 39, '17083921', ''),
(3274, 39, '17064611', ''),
(3275, 39, '17071891', ''),
(3276, 39, '17068771', ''),
(3277, 39, '17068361', ''),
(3278, 39, '17096351', ''),
(3279, 39, '17063671', ''),
(3280, 39, '17055191', ''),
(3281, 39, '17063591', ''),
(3282, 39, '17072931', ''),
(3283, 39, '17094681', ''),
(3284, 39, '17070691', ''),
(3285, 39, '17071341', ''),
(3286, 39, '17055221', ''),
(3287, 39, '17063291', ''),
(3288, 39, '17096581', ''),
(3289, 39, '17092091', ''),
(3290, 39, '17092211', ''),
(3291, 39, '17064161', ''),
(3292, 39, '17104831', ''),
(3293, 39, '17050341', ''),
(3294, 39, '17055021', ''),
(3295, 39, '17086141', ''),
(3296, 39, '17103881', ''),
(3297, 39, '17092591', ''),
(3298, 39, '17102211', ''),
(3299, 39, '17067311', ''),
(3300, 39, '17052201', ''),
(3301, 39, '17067941', ''),
(3302, 39, '17084001', ''),
(3303, 39, '17102191', ''),
(3304, 39, '17097641', ''),
(3305, 39, '17104361', ''),
(3306, 39, '17069581', ''),
(3307, 39, '17088231', ''),
(3308, 39, '17091101', ''),
(3309, 39, '17000255', ''),
(3310, 39, '17067481', ''),
(3311, 39, '17104541', ''),
(3312, 39, '17039361', ''),
(3313, 39, '17068491', ''),
(3314, 39, '17092811', ''),
(3315, 39, '17100181', ''),
(3316, 39, '17072291', ''),
(3317, 39, '17072271', ''),
(3318, 39, '17055071', ''),
(3319, 39, '17049321', ''),
(3320, 39, '17072771', ''),
(3321, 39, '17076441', ''),
(3322, 39, '17067101', ''),
(3323, 39, '17067591', ''),
(3324, 39, '17104051', ''),
(3325, 39, '17067011', ''),
(3326, 39, '17051211', ''),
(3327, 39, '17056171', ''),
(3328, 39, '17082251', ''),
(3329, 39, '17089691', ''),
(3330, 39, '17102741', ''),
(3331, 39, '17053001', ''),
(3332, 39, '17072101', ''),
(3333, 39, '17064121', ''),
(3334, 39, '17082141', ''),
(3335, 39, '17099171', ''),
(3336, 39, '17052171', ''),
(3337, 39, '17054961', ''),
(3338, 39, '17079291', ''),
(3339, 39, '17089511', ''),
(3340, 39, '17094691', ''),
(3341, 39, '17062361', ''),
(3342, 39, '17100921', ''),
(3343, 39, '17047901', ''),
(3344, 39, '17045511', ''),
(3345, 39, '17043411', ''),
(3346, 39, '17100141', ''),
(3347, 39, '17001035', ''),
(3348, 39, '17048661', ''),
(3349, 39, '17050711', ''),
(3350, 39, '17066361', ''),
(3351, 39, '17089681', ''),
(3352, 39, '17075921', ''),
(3353, 39, '17096881', ''),
(3354, 39, '17093341', ''),
(3355, 40, '17049601', ''),
(3356, 40, '17064471', ''),
(3357, 40, '17064371', ''),
(3358, 40, '17070091', ''),
(3359, 40, '17083921', ''),
(3360, 40, '17064611', ''),
(3361, 40, '17071891', ''),
(3362, 40, '17068771', ''),
(3363, 40, '17068361', ''),
(3364, 40, '17096351', ''),
(3365, 40, '17063671', ''),
(3366, 40, '17055191', ''),
(3367, 40, '17063591', ''),
(3368, 40, '17072931', ''),
(3369, 40, '17094681', ''),
(3370, 40, '17070691', ''),
(3371, 40, '17071341', ''),
(3372, 40, '17055221', ''),
(3373, 40, '17063291', ''),
(3374, 40, '17096581', ''),
(3375, 40, '17092091', ''),
(3376, 40, '17092211', ''),
(3377, 40, '17064161', ''),
(3378, 40, '17104831', ''),
(3379, 40, '17050341', ''),
(3380, 40, '17055021', ''),
(3381, 40, '17086141', ''),
(3382, 40, '17103881', ''),
(3383, 40, '17092591', ''),
(3384, 40, '17102211', ''),
(3385, 40, '17067311', ''),
(3386, 40, '17052201', ''),
(3387, 40, '17067941', ''),
(3388, 40, '17084001', ''),
(3389, 40, '17102191', ''),
(3390, 40, '17097641', ''),
(3391, 40, '17104361', ''),
(3392, 40, '17069581', ''),
(3393, 40, '17088231', ''),
(3394, 40, '17091101', ''),
(3395, 40, '17000255', ''),
(3396, 40, '17067481', ''),
(3397, 40, '17104541', ''),
(3398, 40, '17039361', ''),
(3399, 40, '17068491', ''),
(3400, 40, '17092811', ''),
(3401, 40, '17100181', ''),
(3402, 40, '17072291', ''),
(3403, 40, '17072271', ''),
(3404, 40, '17055071', ''),
(3405, 40, '17049321', ''),
(3406, 40, '17072771', ''),
(3407, 40, '17076441', ''),
(3408, 40, '17067101', ''),
(3409, 40, '17067591', ''),
(3410, 40, '17104051', ''),
(3411, 40, '17067011', ''),
(3412, 40, '17051211', ''),
(3413, 40, '17056171', ''),
(3414, 40, '17082251', ''),
(3415, 40, '17089691', ''),
(3416, 40, '17102741', ''),
(3417, 40, '17053001', ''),
(3418, 40, '17072101', ''),
(3419, 40, '17064121', ''),
(3420, 40, '17082141', ''),
(3421, 40, '17099171', ''),
(3422, 40, '17052171', ''),
(3423, 40, '17054961', ''),
(3424, 40, '17079291', ''),
(3425, 40, '17089511', ''),
(3426, 40, '17094691', ''),
(3427, 40, '17062361', ''),
(3428, 40, '17100921', ''),
(3429, 40, '17047901', ''),
(3430, 40, '17045511', ''),
(3431, 40, '17043411', ''),
(3432, 40, '17100141', ''),
(3433, 40, '17001035', ''),
(3434, 40, '17048661', ''),
(3435, 40, '17050711', ''),
(3436, 40, '17066361', ''),
(3437, 40, '17089681', ''),
(3438, 40, '17075921', ''),
(3439, 40, '17096881', ''),
(3440, 40, '17093341', ''),
(3441, 41, '17049601', ''),
(3442, 41, '17064471', ''),
(3443, 41, '17064371', ''),
(3444, 41, '17070091', ''),
(3445, 41, '17083921', ''),
(3446, 41, '17064611', ''),
(3447, 41, '17071891', ''),
(3448, 41, '17068771', ''),
(3449, 41, '17068361', ''),
(3450, 41, '17096351', ''),
(3451, 41, '17063671', ''),
(3452, 41, '17055191', ''),
(3453, 41, '17063591', ''),
(3454, 41, '17072931', ''),
(3455, 41, '17094681', ''),
(3456, 41, '17070691', ''),
(3457, 41, '17071341', ''),
(3458, 41, '17055221', ''),
(3459, 41, '17063291', ''),
(3460, 41, '17096581', ''),
(3461, 41, '17092091', ''),
(3462, 41, '17092211', ''),
(3463, 41, '17064161', ''),
(3464, 41, '17104831', ''),
(3465, 41, '17050341', ''),
(3466, 41, '17055021', ''),
(3467, 41, '17086141', ''),
(3468, 41, '17103881', ''),
(3469, 41, '17092591', ''),
(3470, 41, '17102211', ''),
(3471, 41, '17067311', ''),
(3472, 41, '17052201', ''),
(3473, 41, '17067941', ''),
(3474, 41, '17084001', ''),
(3475, 41, '17102191', ''),
(3476, 41, '17097641', ''),
(3477, 41, '17104361', ''),
(3478, 41, '17069581', ''),
(3479, 41, '17088231', ''),
(3480, 41, '17091101', ''),
(3481, 41, '17000255', ''),
(3482, 41, '17067481', ''),
(3483, 41, '17104541', ''),
(3484, 41, '17039361', ''),
(3485, 41, '17068491', ''),
(3486, 41, '17092811', ''),
(3487, 41, '17100181', ''),
(3488, 41, '17072291', ''),
(3489, 41, '17072271', ''),
(3490, 41, '17055071', ''),
(3491, 41, '17049321', ''),
(3492, 41, '17072771', ''),
(3493, 41, '17076441', ''),
(3494, 41, '17067101', ''),
(3495, 41, '17067591', ''),
(3496, 41, '17104051', ''),
(3497, 41, '17067011', ''),
(3498, 41, '17051211', ''),
(3499, 41, '17056171', ''),
(3500, 41, '17082251', ''),
(3501, 41, '17089691', ''),
(3502, 41, '17102741', ''),
(3503, 41, '17053001', ''),
(3504, 41, '17072101', ''),
(3505, 41, '17064121', ''),
(3506, 41, '17082141', ''),
(3507, 41, '17099171', ''),
(3508, 41, '17052171', ''),
(3509, 41, '17054961', ''),
(3510, 41, '17079291', ''),
(3511, 41, '17089511', ''),
(3512, 41, '17094691', ''),
(3513, 41, '17062361', ''),
(3514, 41, '17100921', ''),
(3515, 41, '17047901', ''),
(3516, 41, '17045511', ''),
(3517, 41, '17043411', ''),
(3518, 41, '17100141', ''),
(3519, 41, '17001035', ''),
(3520, 41, '17048661', ''),
(3521, 41, '17050711', ''),
(3522, 41, '17066361', ''),
(3523, 41, '17089681', ''),
(3524, 41, '17075921', ''),
(3525, 41, '17096881', ''),
(3526, 41, '17093341', ''),
(3527, 42, '17049601', ''),
(3528, 42, '17064471', ''),
(3529, 42, '17064371', ''),
(3530, 42, '17070091', ''),
(3531, 42, '17083921', ''),
(3532, 42, '17064611', ''),
(3533, 42, '17071891', ''),
(3534, 42, '17068771', ''),
(3535, 42, '17068361', ''),
(3536, 42, '17096351', ''),
(3537, 42, '17063671', ''),
(3538, 42, '17055191', ''),
(3539, 42, '17063591', ''),
(3540, 42, '17072931', ''),
(3541, 42, '17094681', ''),
(3542, 42, '17070691', ''),
(3543, 42, '17071341', ''),
(3544, 42, '17055221', ''),
(3545, 42, '17063291', ''),
(3546, 42, '17096581', ''),
(3547, 42, '17092091', ''),
(3548, 42, '17092211', ''),
(3549, 42, '17064161', ''),
(3550, 42, '17104831', ''),
(3551, 42, '17050341', ''),
(3552, 42, '17055021', ''),
(3553, 42, '17086141', ''),
(3554, 42, '17103881', ''),
(3555, 42, '17092591', ''),
(3556, 42, '17102211', ''),
(3557, 42, '17067311', ''),
(3558, 42, '17052201', ''),
(3559, 42, '17067941', ''),
(3560, 42, '17084001', ''),
(3561, 42, '17102191', ''),
(3562, 42, '17097641', ''),
(3563, 42, '17104361', ''),
(3564, 42, '17069581', ''),
(3565, 42, '17088231', ''),
(3566, 42, '17091101', ''),
(3567, 42, '17000255', ''),
(3568, 42, '17067481', ''),
(3569, 42, '17104541', ''),
(3570, 42, '17039361', ''),
(3571, 42, '17068491', ''),
(3572, 42, '17092811', ''),
(3573, 42, '17100181', ''),
(3574, 42, '17072291', ''),
(3575, 42, '17072271', ''),
(3576, 42, '17055071', ''),
(3577, 42, '17049321', ''),
(3578, 42, '17072771', ''),
(3579, 42, '17076441', ''),
(3580, 42, '17067101', ''),
(3581, 42, '17067591', ''),
(3582, 42, '17104051', ''),
(3583, 42, '17067011', ''),
(3584, 42, '17051211', ''),
(3585, 42, '17056171', ''),
(3586, 42, '17082251', ''),
(3587, 42, '17089691', ''),
(3588, 42, '17102741', ''),
(3589, 42, '17053001', ''),
(3590, 42, '17072101', ''),
(3591, 42, '17064121', ''),
(3592, 42, '17082141', ''),
(3593, 42, '17099171', ''),
(3594, 42, '17052171', ''),
(3595, 42, '17054961', ''),
(3596, 42, '17079291', ''),
(3597, 42, '17089511', ''),
(3598, 42, '17094691', ''),
(3599, 42, '17062361', ''),
(3600, 42, '17100921', ''),
(3601, 42, '17047901', ''),
(3602, 42, '17045511', ''),
(3603, 42, '17043411', ''),
(3604, 42, '17100141', ''),
(3605, 42, '17001035', ''),
(3606, 42, '17048661', ''),
(3607, 42, '17050711', ''),
(3608, 42, '17066361', ''),
(3609, 42, '17089681', ''),
(3610, 42, '17075921', ''),
(3611, 42, '17096881', ''),
(3612, 42, '17093341', ''),
(3613, 43, '17049601', ''),
(3614, 43, '17064471', ''),
(3615, 43, '17064371', ''),
(3616, 43, '17070091', ''),
(3617, 43, '17083921', ''),
(3618, 43, '17064611', ''),
(3619, 43, '17071891', ''),
(3620, 43, '17068771', ''),
(3621, 43, '17068361', ''),
(3622, 43, '17096351', ''),
(3623, 43, '17063671', ''),
(3624, 43, '17055191', ''),
(3625, 43, '17063591', ''),
(3626, 43, '17072931', ''),
(3627, 43, '17094681', ''),
(3628, 43, '17070691', ''),
(3629, 43, '17071341', ''),
(3630, 43, '17055221', ''),
(3631, 43, '17063291', ''),
(3632, 43, '17096581', ''),
(3633, 43, '17092091', ''),
(3634, 43, '17092211', ''),
(3635, 43, '17064161', ''),
(3636, 43, '17104831', ''),
(3637, 43, '17050341', ''),
(3638, 43, '17055021', ''),
(3639, 43, '17086141', ''),
(3640, 43, '17103881', ''),
(3641, 43, '17092591', ''),
(3642, 43, '17102211', ''),
(3643, 43, '17067311', ''),
(3644, 43, '17052201', ''),
(3645, 43, '17067941', ''),
(3646, 43, '17084001', ''),
(3647, 43, '17102191', ''),
(3648, 43, '17097641', ''),
(3649, 43, '17104361', ''),
(3650, 43, '17069581', ''),
(3651, 43, '17088231', ''),
(3652, 43, '17091101', ''),
(3653, 43, '17000255', ''),
(3654, 43, '17067481', ''),
(3655, 43, '17104541', ''),
(3656, 43, '17039361', ''),
(3657, 43, '17068491', ''),
(3658, 43, '17092811', ''),
(3659, 43, '17100181', ''),
(3660, 43, '17072291', ''),
(3661, 43, '17072271', ''),
(3662, 43, '17055071', ''),
(3663, 43, '17049321', ''),
(3664, 43, '17072771', ''),
(3665, 43, '17076441', ''),
(3666, 43, '17067101', ''),
(3667, 43, '17067591', ''),
(3668, 43, '17104051', ''),
(3669, 43, '17067011', ''),
(3670, 43, '17051211', ''),
(3671, 43, '17056171', ''),
(3672, 43, '17082251', ''),
(3673, 43, '17089691', ''),
(3674, 43, '17102741', ''),
(3675, 43, '17053001', ''),
(3676, 43, '17072101', ''),
(3677, 43, '17064121', ''),
(3678, 43, '17082141', ''),
(3679, 43, '17099171', ''),
(3680, 43, '17052171', ''),
(3681, 43, '17054961', ''),
(3682, 43, '17079291', ''),
(3683, 43, '17089511', ''),
(3684, 43, '17094691', ''),
(3685, 43, '17062361', ''),
(3686, 43, '17100921', ''),
(3687, 43, '17047901', ''),
(3688, 43, '17045511', ''),
(3689, 43, '17043411', ''),
(3690, 43, '17100141', ''),
(3691, 43, '17001035', ''),
(3692, 43, '17048661', ''),
(3693, 43, '17050711', ''),
(3694, 43, '17066361', ''),
(3695, 43, '17089681', ''),
(3696, 43, '17075921', ''),
(3697, 43, '17096881', ''),
(3698, 43, '17093341', ''),
(3699, 44, '17049601', ''),
(3700, 44, '17064471', ''),
(3701, 44, '17064371', ''),
(3702, 44, '17070091', ''),
(3703, 44, '17083921', ''),
(3704, 44, '17064611', ''),
(3705, 44, '17071891', ''),
(3706, 44, '17068771', ''),
(3707, 44, '17068361', ''),
(3708, 44, '17096351', ''),
(3709, 44, '17063671', ''),
(3710, 44, '17055191', ''),
(3711, 44, '17063591', ''),
(3712, 44, '17072931', ''),
(3713, 44, '17094681', ''),
(3714, 44, '17070691', ''),
(3715, 44, '17071341', ''),
(3716, 44, '17055221', ''),
(3717, 44, '17063291', ''),
(3718, 44, '17096581', ''),
(3719, 44, '17092091', ''),
(3720, 44, '17092211', ''),
(3721, 44, '17064161', ''),
(3722, 44, '17104831', ''),
(3723, 44, '17050341', ''),
(3724, 44, '17055021', ''),
(3725, 44, '17086141', ''),
(3726, 44, '17103881', ''),
(3727, 44, '17092591', ''),
(3728, 44, '17102211', ''),
(3729, 44, '17067311', ''),
(3730, 44, '17052201', ''),
(3731, 44, '17067941', ''),
(3732, 44, '17084001', ''),
(3733, 44, '17102191', ''),
(3734, 44, '17097641', ''),
(3735, 44, '17104361', ''),
(3736, 44, '17069581', ''),
(3737, 44, '17088231', ''),
(3738, 44, '17091101', ''),
(3739, 44, '17000255', ''),
(3740, 44, '17067481', ''),
(3741, 44, '17104541', ''),
(3742, 44, '17039361', ''),
(3743, 44, '17068491', ''),
(3744, 44, '17092811', ''),
(3745, 44, '17100181', ''),
(3746, 44, '17072291', ''),
(3747, 44, '17072271', ''),
(3748, 44, '17055071', ''),
(3749, 44, '17049321', ''),
(3750, 44, '17072771', ''),
(3751, 44, '17076441', ''),
(3752, 44, '17067101', ''),
(3753, 44, '17067591', ''),
(3754, 44, '17104051', ''),
(3755, 44, '17067011', ''),
(3756, 44, '17051211', ''),
(3757, 44, '17056171', ''),
(3758, 44, '17082251', ''),
(3759, 44, '17089691', ''),
(3760, 44, '17102741', ''),
(3761, 44, '17053001', ''),
(3762, 44, '17072101', ''),
(3763, 44, '17064121', ''),
(3764, 44, '17082141', ''),
(3765, 44, '17099171', ''),
(3766, 44, '17052171', ''),
(3767, 44, '17054961', ''),
(3768, 44, '17079291', ''),
(3769, 44, '17089511', ''),
(3770, 44, '17094691', ''),
(3771, 44, '17062361', ''),
(3772, 44, '17100921', ''),
(3773, 44, '17047901', ''),
(3774, 44, '17045511', ''),
(3775, 44, '17043411', ''),
(3776, 44, '17100141', ''),
(3777, 44, '17001035', ''),
(3778, 44, '17048661', ''),
(3779, 44, '17050711', ''),
(3780, 44, '17066361', ''),
(3781, 44, '17089681', ''),
(3782, 44, '17075921', ''),
(3783, 44, '17096881', ''),
(3784, 44, '17093341', ''),
(3785, 45, '17049601', ''),
(3786, 45, '17064471', ''),
(3787, 45, '17064371', ''),
(3788, 45, '17070091', ''),
(3789, 45, '17083921', ''),
(3790, 45, '17064611', ''),
(3791, 45, '17071891', ''),
(3792, 45, '17068771', ''),
(3793, 45, '17068361', ''),
(3794, 45, '17096351', ''),
(3795, 45, '17063671', ''),
(3796, 45, '17055191', ''),
(3797, 45, '17063591', ''),
(3798, 45, '17072931', ''),
(3799, 45, '17094681', ''),
(3800, 45, '17070691', ''),
(3801, 45, '17071341', ''),
(3802, 45, '17055221', ''),
(3803, 45, '17063291', ''),
(3804, 45, '17096581', ''),
(3805, 45, '17092091', ''),
(3806, 45, '17092211', ''),
(3807, 45, '17064161', ''),
(3808, 45, '17104831', ''),
(3809, 45, '17050341', ''),
(3810, 45, '17055021', ''),
(3811, 45, '17086141', ''),
(3812, 45, '17103881', ''),
(3813, 45, '17092591', ''),
(3814, 45, '17102211', ''),
(3815, 45, '17067311', ''),
(3816, 45, '17052201', ''),
(3817, 45, '17067941', ''),
(3818, 45, '17084001', ''),
(3819, 45, '17102191', ''),
(3820, 45, '17097641', ''),
(3821, 45, '17104361', ''),
(3822, 45, '17069581', ''),
(3823, 45, '17088231', ''),
(3824, 45, '17091101', ''),
(3825, 45, '17000255', ''),
(3826, 45, '17067481', ''),
(3827, 45, '17104541', ''),
(3828, 45, '17039361', ''),
(3829, 45, '17068491', ''),
(3830, 45, '17092811', ''),
(3831, 45, '17100181', ''),
(3832, 45, '17072291', ''),
(3833, 45, '17072271', ''),
(3834, 45, '17055071', ''),
(3835, 45, '17049321', ''),
(3836, 45, '17072771', ''),
(3837, 45, '17076441', ''),
(3838, 45, '17067101', ''),
(3839, 45, '17067591', ''),
(3840, 45, '17104051', ''),
(3841, 45, '17067011', ''),
(3842, 45, '17051211', ''),
(3843, 45, '17056171', ''),
(3844, 45, '17082251', ''),
(3845, 45, '17089691', ''),
(3846, 45, '17102741', ''),
(3847, 45, '17053001', ''),
(3848, 45, '17072101', ''),
(3849, 45, '17064121', ''),
(3850, 45, '17082141', ''),
(3851, 45, '17099171', ''),
(3852, 45, '17052171', ''),
(3853, 45, '17054961', ''),
(3854, 45, '17079291', ''),
(3855, 45, '17089511', ''),
(3856, 45, '17094691', ''),
(3857, 45, '17062361', ''),
(3858, 45, '17100921', ''),
(3859, 45, '17047901', ''),
(3860, 45, '17045511', ''),
(3861, 45, '17043411', ''),
(3862, 45, '17100141', ''),
(3863, 45, '17001035', ''),
(3864, 45, '17048661', ''),
(3865, 45, '17050711', ''),
(3866, 45, '17066361', ''),
(3867, 45, '17089681', ''),
(3868, 45, '17075921', ''),
(3869, 45, '17096881', ''),
(3870, 45, '17093341', '');

-- --------------------------------------------------------

--
-- Table structure for table `diem_danh`
--

CREATE TABLE `diem_danh` (
  `id_diem_danh` int(100) NOT NULL auto_increment,
  `ma_lmh` varchar(100) collate utf8_unicode_ci NOT NULL,
  `ngay_diem_danh` date NOT NULL,
  `lan_diem_danh` int(100) NOT NULL,
  PRIMARY KEY  (`id_diem_danh`),
  KEY `ma_lmh` (`ma_lmh`)
) ENGINE=InnoDB  DEFAULT CHARSET=utf8 COLLATE=utf8_unicode_ci AUTO_INCREMENT=46 ;

--
-- Dumping data for table `diem_danh`
--

INSERT INTO `diem_danh` (`id_diem_danh`, `ma_lmh`, `ngay_diem_danh`, `lan_diem_danh`) VALUES
(1, '1230041', '2019-07-29', 1),
(2, '1230041', '2019-08-05', 2),
(3, '1230041', '2019-08-12', 3),
(4, '1230041', '2019-08-19', 4),
(5, '1230041', '2019-08-26', 5),
(6, '1230041', '2019-09-09', 6),
(7, '1230041', '2019-09-16', 7),
(8, '1230041', '2019-09-23', 8),
(9, '1230041', '2019-09-30', 9),
(10, '1230041', '2019-10-07', 10),
(11, '1230041', '2019-10-14', 11),
(12, '1230041', '2019-10-21', 12),
(13, '1230041', '2019-10-28', 13),
(14, '1230041', '2019-11-04', 14),
(15, '1230041', '2019-11-11', 15),
(16, '1230051', '2019-07-29', 1),
(17, '1230051', '2019-08-05', 2),
(18, '1230051', '2019-08-12', 3),
(19, '1230051', '2019-08-19', 4),
(20, '1230051', '2019-08-26', 5),
(21, '1230051', '2019-09-09', 6),
(22, '1230051', '2019-09-16', 7),
(23, '1230051', '2019-09-23', 8),
(24, '1230051', '2019-09-30', 9),
(25, '1230051', '2019-10-07', 10),
(26, '1230051', '2019-10-14', 11),
(27, '1230051', '2019-10-21', 12),
(28, '1230051', '2019-10-28', 13),
(29, '1230051', '2019-11-04', 14),
(30, '1230051', '2019-11-11', 15),
(31, '1230021', '2020-01-03', 1),
(32, '1230021', '2020-01-10', 2),
(33, '1230021', '2020-01-17', 3),
(34, '1230011', '2019-12-30', 1),
(35, '1230011', '2020-01-06', 2),
(36, '1230011', '2020-01-13', 3),
(37, '1230061', '2019-12-30', 1),
(38, '1230061', '2020-01-06', 2),
(39, '1230061', '2020-01-13', 3),
(40, '1230081', '2020-01-03', 1),
(41, '1230081', '2020-01-10', 2),
(42, '1230081', '2020-01-17', 3),
(43, '1230091', '2019-12-30', 1),
(44, '1230091', '2020-01-06', 2),
(45, '1230091', '2020-01-13', 3);

-- --------------------------------------------------------

--
-- Table structure for table `giang_vien`
--

CREATE TABLE `giang_vien` (
  `ma_gv` varchar(100) collate utf8_unicode_ci NOT NULL,
  `mat_khau` varchar(100) collate utf8_unicode_ci NOT NULL default '123456',
  `ten` varchar(100) collate utf8_unicode_ci NOT NULL,
  `khoa` varchar(100) collate utf8_unicode_ci NOT NULL,
  PRIMARY KEY  (`ma_gv`)
) ENGINE=InnoDB DEFAULT CHARSET=utf8 COLLATE=utf8_unicode_ci;

--
-- Dumping data for table `giang_vien`
--

INSERT INTO `giang_vien` (`ma_gv`, `mat_khau`, `ten`, `khoa`) VALUES
('1234001', '123456', 'Phm Nguyn Hong Nam', 'Cng ngh thng tin'),
('1234002', '123456', 'Phan Th Bo Trn', 'Cng ngh thng tin'),
('1234003', '123456', 'Nguyn Vit Thanh', 'Qun tr kinh doanh'),
('1234004', '123456', 'Thi Duy Tng', 'Qun tr kinh doanh'),
('1234005', '123456', 'Nguyn Th Ngc Hoa', 'Cng ngh thng tin'),
('1234006', '123456', 'Phm Xun Kin', 'Cng ngh thng tin'),
('1234007', '123456', 'Hunh Nam', 'Cng ngh thng tin');

-- --------------------------------------------------------

--
-- Table structure for table `lop_mon_hoc`
--

CREATE TABLE `lop_mon_hoc` (
  `ma_lmh` varchar(100) collate utf8_unicode_ci NOT NULL,
  `ten_lmh` varchar(100) collate utf8_unicode_ci NOT NULL,
  `ma_mh` varchar(100) collate utf8_unicode_ci NOT NULL,
  `ma_gv` varchar(100) collate utf8_unicode_ci NOT NULL,
  `hoc_ki` int(100) NOT NULL,
  `nam_hoc` varchar(100) collate utf8_unicode_ci NOT NULL,
  PRIMARY KEY  (`ma_lmh`),
  KEY `ma_mh` (`ma_mh`),
  KEY `ma_gv` (`ma_gv`)
) ENGINE=InnoDB DEFAULT CHARSET=utf8 COLLATE=utf8_unicode_ci;

--
-- Dumping data for table `lop_mon_hoc`
--

INSERT INTO `lop_mon_hoc` (`ma_lmh`, `ten_lmh`, `ma_mh`, `ma_gv`, `hoc_ki`, `nam_hoc`) VALUES
('1230011', 'DHHTTT13B', '123001', '1234002', 2, '2019-2020'),
('1230021', 'DHHTTT13B', '123002', '1234001', 2, '2019-2020'),
('1230041', 'DHHTTT13B', '123004', '1234003', 1, '2019-2020'),
('1230051', 'DHHTTT13B', '123005', '1234004', 1, '2019-2020'),
('1230061', 'DHHTTT13B', '123006', '1234005', 2, '2019-2020'),
('1230081', 'DHHTTT13B', '123008', '1234006', 2, '2019-2020'),
('1230091', 'DHHTTT13B', '123009', '1234007', 2, '2019-2020');

-- --------------------------------------------------------

--
-- Table structure for table `mon_hoc`
--

CREATE TABLE `mon_hoc` (
  `ma_mh` varchar(100) collate utf8_unicode_ci NOT NULL,
  `ten_mh` varchar(200) collate utf8_unicode_ci NOT NULL,
  `so_tin_chi` int(100) NOT NULL,
  `tong_so_tiet` int(100) NOT NULL,
  `so_tiet_li_thuyet` int(100) NOT NULL,
  `so_tiet_thuc_hanh` int(100) NOT NULL,
  PRIMARY KEY  (`ma_mh`)
) ENGINE=InnoDB DEFAULT CHARSET=utf8 COLLATE=utf8_unicode_ci;

--
-- Dumping data for table `mon_hoc`
--

INSERT INTO `mon_hoc` (`ma_mh`, `ten_mh`, `so_tin_chi`, `tong_so_tiet`, `so_tiet_li_thuyet`, `so_tiet_thuc_hanh`) VALUES
('123001', 'Tng tc ngi my', 3, 45, 45, 0),
('123002', 'Bo mt c s d liu', 3, 75, 45, 30),
('123004', 'Nguyn l tip th', 3, 45, 45, 0),
('123005', 'Qun tr ti chnh', 3, 45, 45, 0),
('123006', 'Qun l ngun cung ng', 3, 45, 45, 0),
('123008', 'H thng thng tin qun l', 3, 45, 45, 0),
('123009', 'Pht trin ng dng', 4, 90, 30, 60);

-- --------------------------------------------------------

--
-- Table structure for table `phan_hoi`
--

CREATE TABLE `phan_hoi` (
  `id_phan_hoi` int(100) NOT NULL auto_increment,
  `ma_ng_gui` varchar(100) collate utf8_unicode_ci NOT NULL,
  `ma_ng_nhan` varchar(100) collate utf8_unicode_ci NOT NULL,
  `tieu_de` varchar(255) collate utf8_unicode_ci NOT NULL,
  `noi_dung` varchar(255) collate utf8_unicode_ci NOT NULL,
  `ma_lmh` varchar(100) collate utf8_unicode_ci NOT NULL,
  `thoi_gian` date NOT NULL,
  PRIMARY KEY  (`id_phan_hoi`)
) ENGINE=InnoDB  DEFAULT CHARSET=utf8 COLLATE=utf8_unicode_ci AUTO_INCREMENT=10 ;

--
-- Dumping data for table `phan_hoi`
--

INSERT INTO `phan_hoi` (`id_phan_hoi`, `ma_ng_gui`, `ma_ng_nhan`, `tieu_de`, `noi_dung`, `ma_lmh`, `thoi_gian`) VALUES
(1, '17055071', '1234002', 'Phn hi vic im danh sai', 'im danh sai ngy 12/03/2020', '1230011', '2012-00-01'),
(2, '17055071', '1234002', 'Test phn hi', 'Test phn hi', '1230011', '2020-03-14'),
(3, '17055071', '1234002', 'test im danh 3', 'test im danh 3 test im danh 3 test im danh 3 test im danh 3 test im danh 3 test im danh 3 test im danh 3 test im danh 3 test im danh 3 test im danh 3 test im danh 3 test im danh 3 test im danh 3 ', '1230011', '2020-03-14'),
(4, '17084001', '1234002', 'Phan hoi diem danh sai ngay 2020-03-17', 'Thua co, ngay 2020-03-17 em co di hoc nhung tren he thong la ghi la vang khong phep. Mong co kiem tra lai giup em.', '1230011', '2020-03-17'),
(5, '17055071', '1234002', 'test phan hoi 4', 'test phan hoi 4', '1230011', '2020-03-18'),
(6, '17096351', '1234003', 'Phn hi im danh sai ngy 2019-09-09', 'Tha thy, ngy 2019-09-09 em vng c php v  a n xin php cho thy vo tun trc . Nhng trn h th li bo vng khng php. Mong thy kim tra li gip em. Em cm n.', '1230041', '2020-03-24'),
(7, '17064161', '1234003', 'Phn hi im danh sai ngy 2019-10-21', 'Tha thy, ngy 2019-10-21 em vng c php v  a n xin php cho thy vo tun trc . Nhng trn h th li bo vng khng php. Mong thy kim tra li gip em. Em cm n.\r\n', '1230041', '2020-03-24'),
(8, '17084001', '1234004', 'Phn hi im danh sai ngy  2019-09-30', 'Tha thy, ngy 2019-09-30 em ch i tr. Nhng trn h thng li bo vng khng php. Mong thy kim tra li gip em. Em cm n. ', '1230051', '2020-03-24'),
(9, '17079291', '1234004', 'Phn hi im danh sai ngy  2019-09-30', 'Tha thy, ngy 2019-09-30 em ch i tr. Nhng trn h thng li bo vng khng php. Mong thy kim tra li gip em. Em cm n. ', '1230051', '2020-03-24');

-- --------------------------------------------------------

--
-- Table structure for table `sinh_vien`
--

CREATE TABLE `sinh_vien` (
  `ma_sv` varchar(100) collate utf8_unicode_ci NOT NULL,
  `mat_khau` varchar(100) collate utf8_unicode_ci NOT NULL default '123456',
  `ho_dem` varchar(100) collate utf8_unicode_ci NOT NULL,
  `ten` varchar(100) collate utf8_unicode_ci NOT NULL,
  `ho_dem_ten` varchar(100) collate utf8_unicode_ci NOT NULL,
  `ngay_sinh` date NOT NULL default '1999-01-01',
  `gioi_tinh` varchar(100) collate utf8_unicode_ci NOT NULL default 'Nam',
  `lop` varchar(100) collate utf8_unicode_ci NOT NULL default 'DHHTTT13B',
  PRIMARY KEY  (`ma_sv`)
) ENGINE=InnoDB DEFAULT CHARSET=utf8 COLLATE=utf8_unicode_ci;

--
-- Dumping data for table `sinh_vien`
--

INSERT INTO `sinh_vien` (`ma_sv`, `mat_khau`, `ho_dem`, `ten`, `ho_dem_ten`, `ngay_sinh`, `gioi_tinh`, `lop`) VALUES
('17000255', '123456', 'H Vn', 'Lim', 'H Vn Lim', '1999-01-01', 'Nam', 'DHHTTT13B'),
('17001035', '123456', 'Chu Ng Anh', 'Tun', 'Chu Ng Anh Tun', '1999-01-01', 'Nam', 'DHHTTT13B'),
('17039361', '123456', 'Cao V Nht', 'Minh', 'Cao V Nht Minh', '1999-01-01', 'Nam', 'DHHTTT13B'),
('17043411', '123456', 'Nguyn Hong', 'T', 'Nguyn Hong T', '1999-01-01', 'Nam', 'DHHTTT13B'),
('17045511', '123456', 'Nguyn Thanh', 'Trng', 'Nguyn Thanh Trng', '1999-01-01', 'Nam', 'DHHTTT13B'),
('17047901', '123456', 'Nguyn Tn', 'Trung', 'Nguyn Tn Trung', '1999-01-01', 'Nam', 'DHHTTT13B'),
('17048661', '123456', 'Trn Thanh', 'Tun', 'Trn Thanh Tun', '1999-01-01', 'Nam', 'DHHTTT13B'),
('17049321', '123456', 'L Hong', 'Phc', 'L Hong Phc', '1999-01-01', 'Nam', 'DHHTTT13B'),
('17049601', '123456', 'Phm Thi Thin', 'n', 'Phm Thi Thin n', '1999-01-01', 'Nam', 'DHHTTT13B'),
('17050341', '123456', 'Hunh Trung', 'Hiu', 'Hunh Trung Hiu', '1999-01-01', 'Nam', 'DHHTTT13B'),
('17050711', '123456', 'Chu Hong', 'Tun', 'Chu Hong Tun', '1999-01-01', 'Nam', 'DHHTTT13B'),
('17051211', '123456', 'Vn Thnh', 'Quang', 'Vn Thnh Quang', '1999-01-01', 'Nam', 'DHHTTT13B'),
('17052171', '123456', 'L Th Thu', 'Thy', 'L Th Thu Thy', '1999-01-01', 'N', 'DHHTTT13B'),
('17052201', '123456', 'Nguyn Quang', 'Huy', 'Nguyn Quang Huy', '1999-01-01', 'Nam', 'DHHTTT13B'),
('17053001', '123456', 'Nguyn Quang', 'Thng', 'Nguyn Quang Thng', '1999-01-01', 'Nam', 'DHHTTT13B'),
('17054961', '123456', 'Chang Th Thy', 'Tin', 'Chang Th Thy Tin', '1999-01-01', 'N', 'DHHTTT13B'),
('17055021', '123456', 'Nguyn Minh', 'Hiu', 'Nguyn Minh Hiu', '1999-01-01', 'Nam', 'DHHTTT13B'),
('17055071', '123456', 'Nguyn Minh', 'Nht', 'Nguyn Minh Nht', '1999-08-30', 'Nam', 'DHHTTT13B'),
('17055191', '123456', 'Hunh Nguyn', 'ng', 'Hunh Nguyn ng', '1999-01-01', 'Nam', 'DHHTTT13B'),
('17055221', '123456', 'Nguyn Vn', 'Hi', 'Nguyn Vn Hi', '1999-01-01', 'Nam', 'DHHTTT13B'),
('17056171', '123456', 'Phan Thanh', 'Sang', 'Phan Thanh Sang', '1999-01-01', 'Nam', 'DHHTTT13B'),
('17062361', '123456', 'Lu Bo', 'Ton', 'Lu Bo Ton', '1999-01-01', 'Nam', 'DHHTTT13B'),
('17063291', '123456', 'Dng Vn Thin ', 'Hi', 'Dng Vn Thin Hi', '1999-01-01', 'Nam', 'DHHTTT13B'),
('17063591', '123456', 'inh Vn', 'ng', 'inh Vn ng', '1999-01-01', 'Nam', 'DHHTTT13B'),
('17063671', '123456', 'Nguyn V Quc', 'i', 'Nguyn V Quc i', '1999-01-01', 'Nam', 'DHHTTT13B'),
('17064121', '123456', 'H c', 'Thnh', 'H c Thnh', '1999-01-01', 'Nam', 'DHHTTT13B'),
('17064161', '123456', 'Nguyn L Th', 'Hin', 'Nguyn L Th Hin', '1999-01-01', 'N', 'DHHTTT13B'),
('17064371', '123456', 'Nguyn Quc', 'Bo', 'Nguyn Quc Bo', '1999-01-01', 'Nam', 'DHHTTT13B'),
('17064471', '123456', 'Ng Th Kim', 'Anh', 'Ng Th Kim Anh', '1999-01-01', 'N', 'DHHTTT13B'),
('17064611', '123456', 'Nguyn Vit', 'Cng', 'Nguyn Vit Cng', '1999-01-01', 'Nam', 'DHHTTT13B'),
('17066361', '123456', 'Nguyn Thanh', 'Tng', 'Nguyn Thanh Tng', '1999-01-01', 'Nam', 'DHHTTT13B'),
('17067011', '123456', 'on Vn', 'Qun', 'on Vn Qun', '1999-01-01', 'Nam', 'DHHTTT13B'),
('17067101', '123456', 'Nguyn Vit', 'Phng', 'Nguyn Vit Phng', '1999-01-01', 'Nam', 'DHHTTT13B'),
('17067311', '123456', 'L Xun', 'Hng', 'L Xun Hng', '1999-01-01', 'N', 'DHHTTT13B'),
('17067481', '123456', 'Trn Th Thy', 'Linh', 'Trn Th Thy Linh', '1999-01-01', 'N', 'DHHTTT13B'),
('17067591', '123456', 'Nguyn Hoi', 'Phng', 'Nguyn Hoi Phng', '1999-01-01', 'N', 'DHHTTT13B'),
('17067941', '123456', 'Mai Ngc', 'Huy', 'Mai Ngc Huy', '1999-01-01', 'Nam', 'DHHTTT13B'),
('17068361', '123456', 'Trn ng Quc', 'Duy', 'Trn ng Quc Duy', '1999-01-01', 'Nam', 'DHHTTT13B'),
('17068491', '123456', 'Phng Bo', 'Minh', 'Phng Bo Minh', '1999-01-01', 'Nam', 'DHHTTT13B'),
('17068771', '123456', 'Hunh Long', 'Dim', 'Hunh Long Dim', '1999-01-01', 'Nam', 'DHHTTT13B'),
('17069581', '123456', 'Nguyn Trng', 'Khi', 'Nguyn Trng Khi', '1999-01-01', 'Nam', 'DHHTTT13B'),
('17070091', '123456', 'Nguyn Th', 'Chm', 'Nguyn Th Chm', '1999-01-01', 'N', 'DHHTTT13B'),
('17070691', '123456', 'V Minh', 'H', 'V Minh H', '1999-01-01', 'Nam', 'DHHTTT13B'),
('17071341', '123456', 'Nguyn Th Hng', 'H', 'Nguyn Th Hng H', '1999-01-01', 'N', 'DHHTTT13B'),
('17071891', '123456', 'Lng Ph', 'Cng', 'Lng Ph Cng', '1999-01-01', 'Nam', 'DHHTTT13B'),
('17072101', '123456', ' Thnh', 'Thi', ' Thnh Thi', '1999-01-01', 'Nam', 'DHHTTT13B'),
('17072271', '123456', 'Nguyn Trng', 'Nhn', 'Nguyn Trng Nhn', '1999-01-01', 'Nam', 'DHHTTT13B'),
('17072291', '123456', 'L Nh', 'Nguyn', 'L Nh Nguyn', '1999-01-01', 'N', 'DHHTTT13B'),
('17072771', '123456', 'Trn Nguyn Quang', 'Phc', 'Trn Nguyn Quang Phc', '1999-01-01', 'Nam', 'DHHTTT13B'),
('17072931', '123456', ' Trnh Quc', 'ng', ' Trnh Quc ng', '1999-01-01', 'Nam', 'DHHTTT13B'),
('17075921', '123456', 'Nguyn Hng', 'V', 'Nguyn Hng V', '1999-01-01', 'Nam', 'DHHTTT13B'),
('17076441', '123456', 'Nguyn', 'Phc', 'Nguyn Phc', '1999-01-01', 'Nam', 'DHHTTT13B'),
('17079291', '123456', 'ng Quang', 'Tin', 'ng Quang Tin', '1999-01-01', 'Nam', 'DHHTTT13B'),
('17082141', '123456', 'Phan Tr', 'Thng', 'Phan Tr Thng', '1999-01-01', 'Nam', 'DHHTTT13B'),
('17082251', '123456', 'Nguyn Cng', 'Sanh', 'Nguyn Cng Sanh', '1999-01-01', 'Nam', 'DHHTTT13B'),
('17083921', '123456', 'L Minh', 'Chin', 'L Minh Chin', '1999-01-01', 'Nam', 'DHHTTT13B'),
('17084001', '123456', 'Nguyn Anh', 'Huy', 'Nguyn Anh Huy', '1999-01-01', 'Nam', 'DHHTTT13B'),
('17086141', '123456', 'L Vn', 'Hiu', 'L Vn Hiu', '1999-01-01', 'Nam', 'DHHTTT13B'),
('17088231', '123456', 'Dng on Quang', 'Khng', 'Dng on Quang Khng', '1999-01-01', 'Nam', 'DHHTTT13B'),
('17089511', '123456', 'o Quc', 'Tn', 'o Quc Tn', '1999-01-01', 'Nam', 'DHHTTT13B'),
('17089681', '123456', 'H Ninh Hi', 'Uyn', 'H Ninh Hi Uyn', '1999-01-01', 'N', 'DHHTTT13B'),
('17089691', '123456', 'V Thnh', 'Sn', 'V Thnh Sn', '1999-01-01', 'Nam', 'DHHTTT13B'),
('17091101', '123456', 'Ci Hong', 'Lm', 'Ci Hong Lm', '1999-01-01', 'Nam', 'DHHTTT13B'),
('17092091', '123456', 'L Th M', 'Hnh', 'L Th M Hnh', '1999-01-01', 'N', 'DHHTTT13B'),
('17092211', '123456', 'Tiu Quc', 'Ho', 'Tiu Quc Ho', '1999-01-01', 'Nam', 'DHHTTT13B'),
('17092591', '123456', 'Nguyn Th', 'Hoa', 'Nguyn Th Hoa', '1999-01-01', 'N', 'DHHTTT13B'),
('17092811', '123456', 'Phan Ngc', 'My', 'Phan Ngc My', '1999-01-01', 'N', 'DHHTTT13B'),
('17093341', '123456', 'Chu', 'V', 'Chu V', '1999-01-01', 'Nam', 'DHHTTT13B'),
('17094681', '123456', 'Phan Minh', 'c', 'Phan Minh c', '1999-01-01', 'Nam', 'DHHTTT13B'),
('17094691', '123456', 'L Tn', 'Tnh', 'L Tn Tnh', '1999-01-01', 'Nam', 'DHHTTT13B'),
('17096351', '123456', 'Nguyn Trn L', 'Duyn', 'Nguyn Trn L Duyn', '1999-01-01', 'N', 'DHHTTT13B'),
('17096581', '123456', 'Trn Th Thy', 'Hng', 'Trn Th Thy Hng', '1999-01-01', 'N', 'DHHTTT13B'),
('17096881', '123456', 'Trng Nguyn Th Tng', 'Vi', 'Trng Nguyn Th Tng Vi', '1999-01-01', 'N', 'DHHTTT13B'),
('17097641', '123456', 'Nguyn Quc', 'Khi', 'Nguyn Quc Khi', '1999-01-01', 'Nam', 'DHHTTT13B'),
('17099171', '123456', 'Vng Minh', 'Thng', 'Vng Minh Thng', '1999-01-01', 'Nam', 'DHHTTT13B'),
('17100141', '123456', 'Nguyn ng Minh', 'T', 'Nguyn ng Minh T', '1999-01-01', 'N', 'DHHTTT13B'),
('17100181', '123456', 'Trn Cng', 'Nam', 'Trn Cng Nam', '1999-01-01', 'Nam', 'DHHTTT13B'),
('17100921', '123456', 'Bi Th', 'Trng', 'Bi Th Trng', '1999-01-01', 'N', 'DHHTTT13B'),
('17102191', '123456', 'Trn Th Minh', 'Huyn', 'Trn Th Minh Huyn', '1999-01-01', 'N', 'DHHTTT13B'),
('17102211', '123456', 'V Huy', 'Hong', 'V Huy Hong', '1999-01-01', 'Nam', 'DHHTTT13B'),
('17102741', '123456', 'T Thanh', 'Tn', 'T Thanh Tn', '1999-01-01', 'Nam', 'DHHTTT13B'),
('17103881', '123456', 'Trn Trng', 'Hiu', 'Trn Trng Hiu', '1999-01-01', 'Nam', 'DHHTTT13B'),
('17104051', '123456', 'Nguyn Ngc Huy', 'Phng', 'Nguyn Ngc Huy Phng', '1999-01-01', 'N', 'DHHTTT13B'),
('17104361', '123456', 'Nguyn Tun', 'Khi', 'Nguyn Tun Khi', '1999-01-01', 'Nam', 'DHHTTT13B'),
('17104541', '123456', 'Nguyn Phc Khnh', 'Linh', 'Nguyn Phc Khnh Linh', '1999-01-01', 'N', 'DHHTTT13B'),
('17104831', '123456', 'L Thy', 'Hin', 'L Thy Hin', '1999-01-01', 'N', 'DHHTTT13B');

-- --------------------------------------------------------

--
-- Table structure for table `sinh_vien_lop_mon_hoc`
--

CREATE TABLE `sinh_vien_lop_mon_hoc` (
  `ma_lmh` varchar(100) collate utf8_unicode_ci NOT NULL,
  `ma_sv` varchar(100) collate utf8_unicode_ci NOT NULL,
  `hoc_ki` int(100) NOT NULL,
  `nam_hoc` varchar(100) collate utf8_unicode_ci NOT NULL,
  PRIMARY KEY  (`ma_lmh`,`ma_sv`),
  KEY `ma_sv` (`ma_sv`)
) ENGINE=InnoDB DEFAULT CHARSET=utf8 COLLATE=utf8_unicode_ci;

--
-- Dumping data for table `sinh_vien_lop_mon_hoc`
--

INSERT INTO `sinh_vien_lop_mon_hoc` (`ma_lmh`, `ma_sv`, `hoc_ki`, `nam_hoc`) VALUES
('1230011', '17000255', 2, '2019-2020'),
('1230011', '17001035', 2, '2019-2020'),
('1230011', '17039361', 2, '2019-2020'),
('1230011', '17043411', 2, '2019-2020'),
('1230011', '17045511', 2, '2019-2020'),
('1230011', '17047901', 2, '2019-2020'),
('1230011', '17048661', 2, '2019-2020'),
('1230011', '17049321', 2, '2019-2020'),
('1230011', '17049601', 2, '2019-2020'),
('1230011', '17050341', 2, '2019-2020'),
('1230011', '17050711', 2, '2019-2020'),
('1230011', '17051211', 2, '2019-2020'),
('1230011', '17052171', 2, '2019-2020'),
('1230011', '17052201', 2, '2019-2020'),
('1230011', '17053001', 2, '2019-2020'),
('1230011', '17054961', 2, '2019-2020'),
('1230011', '17055021', 2, '2019-2020'),
('1230011', '17055071', 2, '2019-2020'),
('1230011', '17055191', 2, '2019-2020'),
('1230011', '17055221', 2, '2019-2020'),
('1230011', '17056171', 2, '2019-2020'),
('1230011', '17062361', 2, '2019-2020'),
('1230011', '17063291', 2, '2019-2020'),
('1230011', '17063591', 2, '2019-2020'),
('1230011', '17063671', 2, '2019-2020'),
('1230011', '17064121', 2, '2019-2020'),
('1230011', '17064161', 2, '2019-2020'),
('1230011', '17064371', 2, '2019-2020'),
('1230011', '17064471', 2, '2019-2020'),
('1230011', '17064611', 2, '2019-2020'),
('1230011', '17066361', 2, '2019-2020'),
('1230011', '17067011', 2, '2019-2020'),
('1230011', '17067101', 2, '2019-2020'),
('1230011', '17067311', 2, '2019-2020'),
('1230011', '17067481', 2, '2019-2020'),
('1230011', '17067591', 2, '2019-2020'),
('1230011', '17067941', 2, '2019-2020'),
('1230011', '17068361', 2, '2019-2020'),
('1230011', '17068491', 2, '2019-2020'),
('1230011', '17068771', 2, '2019-2020'),
('1230011', '17069581', 2, '2019-2020'),
('1230011', '17070091', 2, '2019-2020'),
('1230011', '17070691', 2, '2019-2020'),
('1230011', '17071341', 2, '2019-2020'),
('1230011', '17071891', 2, '2019-2020'),
('1230011', '17072101', 2, '2019-2020'),
('1230011', '17072271', 2, '2019-2020'),
('1230011', '17072291', 2, '2019-2020'),
('1230011', '17072771', 2, '2019-2020'),
('1230011', '17072931', 2, '2019-2020'),
('1230011', '17075921', 2, '2019-2020'),
('1230011', '17076441', 2, '2019-2020'),
('1230011', '17079291', 2, '2019-2020'),
('1230011', '17082141', 2, '2019-2020'),
('1230011', '17082251', 2, '2019-2020'),
('1230011', '17083921', 2, '2019-2020'),
('1230011', '17084001', 2, '2019-2020'),
('1230011', '17086141', 2, '2019-2020'),
('1230011', '17088231', 2, '2019-2020'),
('1230011', '17089511', 2, '2019-2020'),
('1230011', '17089681', 2, '2019-2020'),
('1230011', '17089691', 2, '2019-2020'),
('1230011', '17091101', 2, '2019-2020'),
('1230011', '17092091', 2, '2019-2020'),
('1230011', '17092211', 2, '2019-2020'),
('1230011', '17092591', 2, '2019-2020'),
('1230011', '17092811', 2, '2019-2020'),
('1230011', '17093341', 2, '2019-2020'),
('1230011', '17094681', 2, '2019-2020'),
('1230011', '17094691', 2, '2019-2020'),
('1230011', '17096351', 2, '2019-2020'),
('1230011', '17096581', 2, '2019-2020'),
('1230011', '17096881', 2, '2019-2020'),
('1230011', '17097641', 2, '2019-2020'),
('1230011', '17099171', 2, '2019-2020'),
('1230011', '17100141', 2, '2019-2020'),
('1230011', '17100181', 2, '2019-2020'),
('1230011', '17100921', 2, '2019-2020'),
('1230011', '17102191', 2, '2019-2020'),
('1230011', '17102211', 2, '2019-2020'),
('1230011', '17102741', 2, '2019-2020'),
('1230011', '17103881', 2, '2019-2020'),
('1230011', '17104051', 2, '2019-2020'),
('1230011', '17104361', 2, '2019-2020'),
('1230011', '17104541', 2, '2019-2020'),
('1230011', '17104831', 2, '2019-2020'),
('1230021', '17000255', 2, '2019-2020'),
('1230021', '17001035', 2, '2019-2020'),
('1230021', '17039361', 2, '2019-2020'),
('1230021', '17043411', 2, '2019-2020'),
('1230021', '17045511', 2, '2019-2020'),
('1230021', '17047901', 2, '2019-2020'),
('1230021', '17048661', 2, '2019-2020'),
('1230021', '17049321', 2, '2019-2020'),
('1230021', '17049601', 2, '2019-2020'),
('1230021', '17050341', 2, '2019-2020'),
('1230021', '17050711', 2, '2019-2020'),
('1230021', '17051211', 2, '2019-2020'),
('1230021', '17052171', 2, '2019-2020'),
('1230021', '17052201', 2, '2019-2020'),
('1230021', '17053001', 2, '2019-2020'),
('1230021', '17054961', 2, '2019-2020'),
('1230021', '17055021', 2, '2019-2020'),
('1230021', '17055071', 2, '2019-2020'),
('1230021', '17055191', 2, '2019-2020'),
('1230021', '17055221', 2, '2019-2020'),
('1230021', '17056171', 2, '2019-2020'),
('1230021', '17062361', 2, '2019-2020'),
('1230021', '17063291', 2, '2019-2020'),
('1230021', '17063591', 2, '2019-2020'),
('1230021', '17063671', 2, '2019-2020'),
('1230021', '17064121', 2, '2019-2020'),
('1230021', '17064161', 2, '2019-2020'),
('1230021', '17064371', 2, '2019-2020'),
('1230021', '17064471', 2, '2019-2020'),
('1230021', '17064611', 2, '2019-2020'),
('1230021', '17066361', 2, '2019-2020'),
('1230021', '17067011', 2, '2019-2020'),
('1230021', '17067101', 2, '2019-2020'),
('1230021', '17067311', 2, '2019-2020'),
('1230021', '17067481', 2, '2019-2020'),
('1230021', '17067591', 2, '2019-2020'),
('1230021', '17067941', 2, '2019-2020'),
('1230021', '17068361', 2, '2019-2020'),
('1230021', '17068491', 2, '2019-2020'),
('1230021', '17068771', 2, '2019-2020'),
('1230021', '17069581', 2, '2019-2020'),
('1230021', '17070091', 2, '2019-2020'),
('1230021', '17070691', 2, '2019-2020'),
('1230021', '17071341', 2, '2019-2020'),
('1230021', '17071891', 2, '2019-2020'),
('1230021', '17072101', 2, '2019-2020'),
('1230021', '17072271', 2, '2019-2020'),
('1230021', '17072291', 2, '2019-2020'),
('1230021', '17072771', 2, '2019-2020'),
('1230021', '17072931', 2, '2019-2020'),
('1230021', '17075921', 2, '2019-2020'),
('1230021', '17076441', 2, '2019-2020'),
('1230021', '17079291', 2, '2019-2020'),
('1230021', '17082141', 2, '2019-2020'),
('1230021', '17082251', 2, '2019-2020'),
('1230021', '17083921', 2, '2019-2020'),
('1230021', '17084001', 2, '2019-2020'),
('1230021', '17086141', 2, '2019-2020'),
('1230021', '17088231', 2, '2019-2020'),
('1230021', '17089511', 2, '2019-2020'),
('1230021', '17089681', 2, '2019-2020'),
('1230021', '17089691', 2, '2019-2020'),
('1230021', '17091101', 2, '2019-2020'),
('1230021', '17092091', 2, '2019-2020'),
('1230021', '17092211', 2, '2019-2020'),
('1230021', '17092591', 2, '2019-2020'),
('1230021', '17092811', 2, '2019-2020'),
('1230021', '17093341', 2, '2019-2020'),
('1230021', '17094681', 2, '2019-2020'),
('1230021', '17094691', 2, '2019-2020'),
('1230021', '17096351', 2, '2019-2020'),
('1230021', '17096581', 2, '2019-2020'),
('1230021', '17096881', 2, '2019-2020'),
('1230021', '17097641', 2, '2019-2020'),
('1230021', '17099171', 2, '2019-2020'),
('1230021', '17100141', 2, '2019-2020'),
('1230021', '17100181', 2, '2019-2020'),
('1230021', '17100921', 2, '2019-2020'),
('1230021', '17102191', 2, '2019-2020'),
('1230021', '17102211', 2, '2019-2020'),
('1230021', '17102741', 2, '2019-2020'),
('1230021', '17103881', 2, '2019-2020'),
('1230021', '17104051', 2, '2019-2020'),
('1230021', '17104361', 2, '2019-2020'),
('1230021', '17104541', 2, '2019-2020'),
('1230021', '17104831', 2, '2019-2020'),
('1230041', '17000255', 1, '2019-2020'),
('1230041', '17001035', 1, '2019-2020'),
('1230041', '17039361', 1, '2019-2020'),
('1230041', '17043411', 1, '2019-2020'),
('1230041', '17045511', 1, '2019-2020'),
('1230041', '17047901', 1, '2019-2020'),
('1230041', '17048661', 1, '2019-2020'),
('1230041', '17049321', 1, '2019-2020'),
('1230041', '17049601', 1, '2019-2020'),
('1230041', '17050341', 1, '2019-2020'),
('1230041', '17050711', 1, '2019-2020'),
('1230041', '17051211', 1, '2019-2020'),
('1230041', '17052171', 1, '2019-2020'),
('1230041', '17052201', 1, '2019-2020'),
('1230041', '17053001', 1, '2019-2020'),
('1230041', '17054961', 1, '2019-2020'),
('1230041', '17055021', 1, '2019-2020'),
('1230041', '17055071', 1, '2019-2020'),
('1230041', '17055191', 1, '2019-2020'),
('1230041', '17055221', 1, '2019-2020'),
('1230041', '17056171', 1, '2019-2020'),
('1230041', '17062361', 1, '2019-2020'),
('1230041', '17063291', 1, '2019-2020'),
('1230041', '17063591', 1, '2019-2020'),
('1230041', '17063671', 1, '2019-2020'),
('1230041', '17064121', 1, '2019-2020'),
('1230041', '17064161', 1, '2019-2020'),
('1230041', '17064371', 1, '2019-2020'),
('1230041', '17064471', 1, '2019-2020'),
('1230041', '17064611', 1, '2019-2020'),
('1230041', '17066361', 1, '2019-2020'),
('1230041', '17067011', 1, '2019-2020'),
('1230041', '17067101', 1, '2019-2020'),
('1230041', '17067311', 1, '2019-2020'),
('1230041', '17067481', 1, '2019-2020'),
('1230041', '17067591', 1, '2019-2020'),
('1230041', '17067941', 1, '2019-2020'),
('1230041', '17068361', 1, '2019-2020'),
('1230041', '17068491', 1, '2019-2020'),
('1230041', '17068771', 1, '2019-2020'),
('1230041', '17069581', 1, '2019-2020'),
('1230041', '17070091', 1, '2019-2020'),
('1230041', '17070691', 1, '2019-2020'),
('1230041', '17071341', 1, '2019-2020'),
('1230041', '17071891', 1, '2019-2020'),
('1230041', '17072101', 1, '2019-2020'),
('1230041', '17072271', 1, '2019-2020'),
('1230041', '17072291', 1, '2019-2020'),
('1230041', '17072771', 1, '2019-2020'),
('1230041', '17072931', 1, '2019-2020'),
('1230041', '17075921', 1, '2019-2020'),
('1230041', '17076441', 1, '2019-2020'),
('1230041', '17079291', 1, '2019-2020'),
('1230041', '17082141', 1, '2019-2020'),
('1230041', '17082251', 1, '2019-2020'),
('1230041', '17083921', 1, '2019-2020'),
('1230041', '17084001', 1, '2019-2020'),
('1230041', '17086141', 1, '2019-2020'),
('1230041', '17088231', 1, '2019-2020'),
('1230041', '17089511', 1, '2019-2020'),
('1230041', '17089681', 1, '2019-2020'),
('1230041', '17089691', 1, '2019-2020'),
('1230041', '17091101', 1, '2019-2020'),
('1230041', '17092091', 1, '2019-2020'),
('1230041', '17092211', 1, '2019-2020'),
('1230041', '17092591', 1, '2019-2020'),
('1230041', '17092811', 1, '2019-2020'),
('1230041', '17093341', 1, '2019-2020'),
('1230041', '17094681', 1, '2019-2020'),
('1230041', '17094691', 1, '2019-2020'),
('1230041', '17096351', 1, '2019-2020'),
('1230041', '17096581', 1, '2019-2020'),
('1230041', '17096881', 1, '2019-2020'),
('1230041', '17097641', 1, '2019-2020'),
('1230041', '17099171', 1, '2019-2020'),
('1230041', '17100141', 1, '2019-2020'),
('1230041', '17100181', 1, '2019-2020'),
('1230041', '17100921', 1, '2019-2020'),
('1230041', '17102191', 1, '2019-2020'),
('1230041', '17102211', 1, '2019-2020'),
('1230041', '17102741', 1, '2019-2020'),
('1230041', '17103881', 1, '2019-2020'),
('1230041', '17104051', 1, '2019-2020'),
('1230041', '17104361', 1, '2019-2020'),
('1230041', '17104541', 1, '2019-2020'),
('1230041', '17104831', 1, '2019-2020'),
('1230051', '17000255', 1, '2019-2020'),
('1230051', '17001035', 1, '2019-2020'),
('1230051', '17039361', 1, '2019-2020'),
('1230051', '17043411', 1, '2019-2020'),
('1230051', '17045511', 1, '2019-2020'),
('1230051', '17047901', 1, '2019-2020'),
('1230051', '17048661', 1, '2019-2020'),
('1230051', '17049321', 1, '2019-2020'),
('1230051', '17049601', 1, '2019-2020'),
('1230051', '17050341', 1, '2019-2020'),
('1230051', '17050711', 1, '2019-2020'),
('1230051', '17051211', 1, '2019-2020'),
('1230051', '17052171', 1, '2019-2020'),
('1230051', '17052201', 1, '2019-2020'),
('1230051', '17053001', 1, '2019-2020'),
('1230051', '17054961', 1, '2019-2020'),
('1230051', '17055021', 1, '2019-2020'),
('1230051', '17055071', 1, '2019-2020'),
('1230051', '17055191', 1, '2019-2020'),
('1230051', '17055221', 1, '2019-2020'),
('1230051', '17056171', 1, '2019-2020'),
('1230051', '17062361', 1, '2019-2020'),
('1230051', '17063291', 1, '2019-2020'),
('1230051', '17063591', 1, '2019-2020'),
('1230051', '17063671', 1, '2019-2020'),
('1230051', '17064121', 1, '2019-2020'),
('1230051', '17064161', 1, '2019-2020'),
('1230051', '17064371', 1, '2019-2020'),
('1230051', '17064471', 1, '2019-2020'),
('1230051', '17064611', 1, '2019-2020'),
('1230051', '17066361', 1, '2019-2020'),
('1230051', '17067011', 1, '2019-2020'),
('1230051', '17067101', 1, '2019-2020'),
('1230051', '17067311', 1, '2019-2020'),
('1230051', '17067481', 1, '2019-2020'),
('1230051', '17067591', 1, '2019-2020'),
('1230051', '17067941', 1, '2019-2020'),
('1230051', '17068361', 1, '2019-2020'),
('1230051', '17068491', 1, '2019-2020'),
('1230051', '17068771', 1, '2019-2020'),
('1230051', '17069581', 1, '2019-2020'),
('1230051', '17070091', 1, '2019-2020'),
('1230051', '17070691', 1, '2019-2020'),
('1230051', '17071341', 1, '2019-2020'),
('1230051', '17071891', 1, '2019-2020'),
('1230051', '17072101', 1, '2019-2020'),
('1230051', '17072271', 1, '2019-2020'),
('1230051', '17072291', 1, '2019-2020'),
('1230051', '17072771', 1, '2019-2020'),
('1230051', '17072931', 1, '2019-2020'),
('1230051', '17075921', 1, '2019-2020'),
('1230051', '17076441', 1, '2019-2020'),
('1230051', '17079291', 1, '2019-2020'),
('1230051', '17082141', 1, '2019-2020'),
('1230051', '17082251', 1, '2019-2020'),
('1230051', '17083921', 1, '2019-2020'),
('1230051', '17084001', 1, '2019-2020'),
('1230051', '17086141', 1, '2019-2020'),
('1230051', '17088231', 1, '2019-2020'),
('1230051', '17089511', 1, '2019-2020'),
('1230051', '17089681', 1, '2019-2020'),
('1230051', '17089691', 1, '2019-2020'),
('1230051', '17091101', 1, '2019-2020'),
('1230051', '17092091', 1, '2019-2020'),
('1230051', '17092211', 1, '2019-2020'),
('1230051', '17092591', 1, '2019-2020'),
('1230051', '17092811', 1, '2019-2020'),
('1230051', '17093341', 1, '2019-2020'),
('1230051', '17094681', 1, '2019-2020'),
('1230051', '17094691', 1, '2019-2020'),
('1230051', '17096351', 1, '2019-2020'),
('1230051', '17096581', 1, '2019-2020'),
('1230051', '17096881', 1, '2019-2020'),
('1230051', '17097641', 1, '2019-2020'),
('1230051', '17099171', 1, '2019-2020'),
('1230051', '17100141', 1, '2019-2020'),
('1230051', '17100181', 1, '2019-2020'),
('1230051', '17100921', 1, '2019-2020'),
('1230051', '17102191', 1, '2019-2020'),
('1230051', '17102211', 1, '2019-2020'),
('1230051', '17102741', 1, '2019-2020'),
('1230051', '17103881', 1, '2019-2020'),
('1230051', '17104051', 1, '2019-2020'),
('1230051', '17104361', 1, '2019-2020'),
('1230051', '17104541', 1, '2019-2020'),
('1230051', '17104831', 1, '2019-2020'),
('1230061', '17000255', 2, '2019-2020'),
('1230061', '17001035', 2, '2019-2020'),
('1230061', '17039361', 2, '2019-2020'),
('1230061', '17043411', 2, '2019-2020'),
('1230061', '17045511', 2, '2019-2020'),
('1230061', '17047901', 2, '2019-2020'),
('1230061', '17048661', 2, '2019-2020'),
('1230061', '17049321', 2, '2019-2020'),
('1230061', '17049601', 2, '2019-2020'),
('1230061', '17050341', 2, '2019-2020'),
('1230061', '17050711', 2, '2019-2020'),
('1230061', '17051211', 2, '2019-2020'),
('1230061', '17052171', 2, '2019-2020'),
('1230061', '17052201', 2, '2019-2020'),
('1230061', '17053001', 2, '2019-2020'),
('1230061', '17054961', 2, '2019-2020'),
('1230061', '17055021', 2, '2019-2020'),
('1230061', '17055071', 2, '2019-2020'),
('1230061', '17055191', 2, '2019-2020'),
('1230061', '17055221', 2, '2019-2020'),
('1230061', '17056171', 2, '2019-2020'),
('1230061', '17062361', 2, '2019-2020'),
('1230061', '17063291', 2, '2019-2020'),
('1230061', '17063591', 2, '2019-2020'),
('1230061', '17063671', 2, '2019-2020'),
('1230061', '17064121', 2, '2019-2020'),
('1230061', '17064161', 2, '2019-2020'),
('1230061', '17064371', 2, '2019-2020'),
('1230061', '17064471', 2, '2019-2020'),
('1230061', '17064611', 2, '2019-2020'),
('1230061', '17066361', 2, '2019-2020'),
('1230061', '17067011', 2, '2019-2020'),
('1230061', '17067101', 2, '2019-2020'),
('1230061', '17067311', 2, '2019-2020'),
('1230061', '17067481', 2, '2019-2020'),
('1230061', '17067591', 2, '2019-2020'),
('1230061', '17067941', 2, '2019-2020'),
('1230061', '17068361', 2, '2019-2020'),
('1230061', '17068491', 2, '2019-2020'),
('1230061', '17068771', 2, '2019-2020'),
('1230061', '17069581', 2, '2019-2020'),
('1230061', '17070091', 2, '2019-2020'),
('1230061', '17070691', 2, '2019-2020'),
('1230061', '17071341', 2, '2019-2020'),
('1230061', '17071891', 2, '2019-2020'),
('1230061', '17072101', 2, '2019-2020'),
('1230061', '17072271', 2, '2019-2020'),
('1230061', '17072291', 2, '2019-2020'),
('1230061', '17072771', 2, '2019-2020'),
('1230061', '17072931', 2, '2019-2020'),
('1230061', '17075921', 2, '2019-2020'),
('1230061', '17076441', 2, '2019-2020'),
('1230061', '17079291', 2, '2019-2020'),
('1230061', '17082141', 2, '2019-2020'),
('1230061', '17082251', 2, '2019-2020'),
('1230061', '17083921', 2, '2019-2020'),
('1230061', '17084001', 2, '2019-2020'),
('1230061', '17086141', 2, '2019-2020'),
('1230061', '17088231', 2, '2019-2020'),
('1230061', '17089511', 2, '2019-2020'),
('1230061', '17089681', 2, '2019-2020'),
('1230061', '17089691', 2, '2019-2020'),
('1230061', '17091101', 2, '2019-2020'),
('1230061', '17092091', 2, '2019-2020'),
('1230061', '17092211', 2, '2019-2020'),
('1230061', '17092591', 2, '2019-2020'),
('1230061', '17092811', 2, '2019-2020'),
('1230061', '17093341', 2, '2019-2020'),
('1230061', '17094681', 2, '2019-2020'),
('1230061', '17094691', 2, '2019-2020'),
('1230061', '17096351', 2, '2019-2020'),
('1230061', '17096581', 2, '2019-2020'),
('1230061', '17096881', 2, '2019-2020'),
('1230061', '17097641', 2, '2019-2020'),
('1230061', '17099171', 2, '2019-2020'),
('1230061', '17100141', 2, '2019-2020'),
('1230061', '17100181', 2, '2019-2020'),
('1230061', '17100921', 2, '2019-2020'),
('1230061', '17102191', 2, '2019-2020'),
('1230061', '17102211', 2, '2019-2020'),
('1230061', '17102741', 2, '2019-2020'),
('1230061', '17103881', 2, '2019-2020'),
('1230061', '17104051', 2, '2019-2020'),
('1230061', '17104361', 2, '2019-2020'),
('1230061', '17104541', 2, '2019-2020'),
('1230061', '17104831', 2, '2019-2020'),
('1230081', '17000255', 2, '2019-2020'),
('1230081', '17001035', 2, '2019-2020'),
('1230081', '17039361', 2, '2019-2020'),
('1230081', '17043411', 2, '2019-2020'),
('1230081', '17045511', 2, '2019-2020'),
('1230081', '17047901', 2, '2019-2020'),
('1230081', '17048661', 2, '2019-2020'),
('1230081', '17049321', 2, '2019-2020'),
('1230081', '17049601', 2, '2019-2020'),
('1230081', '17050341', 2, '2019-2020'),
('1230081', '17050711', 2, '2019-2020'),
('1230081', '17051211', 2, '2019-2020'),
('1230081', '17052171', 2, '2019-2020'),
('1230081', '17052201', 2, '2019-2020'),
('1230081', '17053001', 2, '2019-2020'),
('1230081', '17054961', 2, '2019-2020'),
('1230081', '17055021', 2, '2019-2020'),
('1230081', '17055071', 2, '2019-2020'),
('1230081', '17055191', 2, '2019-2020'),
('1230081', '17055221', 2, '2019-2020'),
('1230081', '17056171', 2, '2019-2020'),
('1230081', '17062361', 2, '2019-2020'),
('1230081', '17063291', 2, '2019-2020'),
('1230081', '17063591', 2, '2019-2020'),
('1230081', '17063671', 2, '2019-2020'),
('1230081', '17064121', 2, '2019-2020'),
('1230081', '17064161', 2, '2019-2020'),
('1230081', '17064371', 2, '2019-2020'),
('1230081', '17064471', 2, '2019-2020'),
('1230081', '17064611', 2, '2019-2020'),
('1230081', '17066361', 2, '2019-2020'),
('1230081', '17067011', 2, '2019-2020'),
('1230081', '17067101', 2, '2019-2020'),
('1230081', '17067311', 2, '2019-2020'),
('1230081', '17067481', 2, '2019-2020'),
('1230081', '17067591', 2, '2019-2020'),
('1230081', '17067941', 2, '2019-2020'),
('1230081', '17068361', 2, '2019-2020'),
('1230081', '17068491', 2, '2019-2020'),
('1230081', '17068771', 2, '2019-2020'),
('1230081', '17069581', 2, '2019-2020'),
('1230081', '17070091', 2, '2019-2020'),
('1230081', '17070691', 2, '2019-2020'),
('1230081', '17071341', 2, '2019-2020'),
('1230081', '17071891', 2, '2019-2020'),
('1230081', '17072101', 2, '2019-2020'),
('1230081', '17072271', 2, '2019-2020'),
('1230081', '17072291', 2, '2019-2020'),
('1230081', '17072771', 2, '2019-2020'),
('1230081', '17072931', 2, '2019-2020'),
('1230081', '17075921', 2, '2019-2020'),
('1230081', '17076441', 2, '2019-2020'),
('1230081', '17079291', 2, '2019-2020'),
('1230081', '17082141', 2, '2019-2020'),
('1230081', '17082251', 2, '2019-2020'),
('1230081', '17083921', 2, '2019-2020'),
('1230081', '17084001', 2, '2019-2020'),
('1230081', '17086141', 2, '2019-2020'),
('1230081', '17088231', 2, '2019-2020'),
('1230081', '17089511', 2, '2019-2020'),
('1230081', '17089681', 2, '2019-2020'),
('1230081', '17089691', 2, '2019-2020'),
('1230081', '17091101', 2, '2019-2020'),
('1230081', '17092091', 2, '2019-2020'),
('1230081', '17092211', 2, '2019-2020'),
('1230081', '17092591', 2, '2019-2020'),
('1230081', '17092811', 2, '2019-2020'),
('1230081', '17093341', 2, '2019-2020'),
('1230081', '17094681', 2, '2019-2020'),
('1230081', '17094691', 2, '2019-2020'),
('1230081', '17096351', 2, '2019-2020'),
('1230081', '17096581', 2, '2019-2020'),
('1230081', '17096881', 2, '2019-2020'),
('1230081', '17097641', 2, '2019-2020'),
('1230081', '17099171', 2, '2019-2020'),
('1230081', '17100141', 2, '2019-2020'),
('1230081', '17100181', 2, '2019-2020'),
('1230081', '17100921', 2, '2019-2020'),
('1230081', '17102191', 2, '2019-2020'),
('1230081', '17102211', 2, '2019-2020'),
('1230081', '17102741', 2, '2019-2020'),
('1230081', '17103881', 2, '2019-2020'),
('1230081', '17104051', 2, '2019-2020'),
('1230081', '17104361', 2, '2019-2020'),
('1230081', '17104541', 2, '2019-2020'),
('1230081', '17104831', 2, '2019-2020'),
('1230091', '17000255', 2, '2019-2020'),
('1230091', '17001035', 2, '2019-2020'),
('1230091', '17039361', 2, '2019-2020'),
('1230091', '17043411', 2, '2019-2020'),
('1230091', '17045511', 2, '2019-2020'),
('1230091', '17047901', 2, '2019-2020'),
('1230091', '17048661', 2, '2019-2020'),
('1230091', '17049321', 2, '2019-2020'),
('1230091', '17049601', 2, '2019-2020'),
('1230091', '17050341', 2, '2019-2020'),
('1230091', '17050711', 2, '2019-2020'),
('1230091', '17051211', 2, '2019-2020'),
('1230091', '17052171', 2, '2019-2020'),
('1230091', '17052201', 2, '2019-2020'),
('1230091', '17053001', 2, '2019-2020'),
('1230091', '17054961', 2, '2019-2020'),
('1230091', '17055021', 2, '2019-2020'),
('1230091', '17055071', 2, '2019-2020'),
('1230091', '17055191', 2, '2019-2020'),
('1230091', '17055221', 2, '2019-2020'),
('1230091', '17056171', 2, '2019-2020'),
('1230091', '17062361', 2, '2019-2020'),
('1230091', '17063291', 2, '2019-2020'),
('1230091', '17063591', 2, '2019-2020'),
('1230091', '17063671', 2, '2019-2020'),
('1230091', '17064121', 2, '2019-2020'),
('1230091', '17064161', 2, '2019-2020'),
('1230091', '17064371', 2, '2019-2020'),
('1230091', '17064471', 2, '2019-2020'),
('1230091', '17064611', 2, '2019-2020'),
('1230091', '17066361', 2, '2019-2020'),
('1230091', '17067011', 2, '2019-2020'),
('1230091', '17067101', 2, '2019-2020'),
('1230091', '17067311', 2, '2019-2020'),
('1230091', '17067481', 2, '2019-2020'),
('1230091', '17067591', 2, '2019-2020'),
('1230091', '17067941', 2, '2019-2020'),
('1230091', '17068361', 2, '2019-2020'),
('1230091', '17068491', 2, '2019-2020'),
('1230091', '17068771', 2, '2019-2020'),
('1230091', '17069581', 2, '2019-2020'),
('1230091', '17070091', 2, '2019-2020'),
('1230091', '17070691', 2, '2019-2020'),
('1230091', '17071341', 2, '2019-2020'),
('1230091', '17071891', 2, '2019-2020'),
('1230091', '17072101', 2, '2019-2020'),
('1230091', '17072271', 2, '2019-2020'),
('1230091', '17072291', 2, '2019-2020'),
('1230091', '17072771', 2, '2019-2020'),
('1230091', '17072931', 2, '2019-2020'),
('1230091', '17075921', 2, '2019-2020'),
('1230091', '17076441', 2, '2019-2020'),
('1230091', '17079291', 2, '2019-2020'),
('1230091', '17082141', 2, '2019-2020'),
('1230091', '17082251', 2, '2019-2020'),
('1230091', '17083921', 2, '2019-2020'),
('1230091', '17084001', 2, '2019-2020'),
('1230091', '17086141', 2, '2019-2020'),
('1230091', '17088231', 2, '2019-2020'),
('1230091', '17089511', 2, '2019-2020'),
('1230091', '17089681', 2, '2019-2020'),
('1230091', '17089691', 2, '2019-2020'),
('1230091', '17091101', 2, '2019-2020'),
('1230091', '17092091', 2, '2019-2020'),
('1230091', '17092211', 2, '2019-2020'),
('1230091', '17092591', 2, '2019-2020'),
('1230091', '17092811', 2, '2019-2020'),
('1230091', '17093341', 2, '2019-2020'),
('1230091', '17094681', 2, '2019-2020'),
('1230091', '17094691', 2, '2019-2020'),
('1230091', '17096351', 2, '2019-2020'),
('1230091', '17096581', 2, '2019-2020'),
('1230091', '17096881', 2, '2019-2020'),
('1230091', '17097641', 2, '2019-2020'),
('1230091', '17099171', 2, '2019-2020'),
('1230091', '17100141', 2, '2019-2020'),
('1230091', '17100181', 2, '2019-2020'),
('1230091', '17100921', 2, '2019-2020'),
('1230091', '17102191', 2, '2019-2020'),
('1230091', '17102211', 2, '2019-2020'),
('1230091', '17102741', 2, '2019-2020'),
('1230091', '17103881', 2, '2019-2020'),
('1230091', '17104051', 2, '2019-2020'),
('1230091', '17104361', 2, '2019-2020'),
('1230091', '17104541', 2, '2019-2020'),
('1230091', '17104831', 2, '2019-2020');

--
-- Constraints for dumped tables
--

--
-- Constraints for table `chi_tiet_diem_danh`
--
ALTER TABLE `chi_tiet_diem_danh`
  ADD CONSTRAINT `chi_tiet_diem_danh_ibfk_2` FOREIGN KEY (`id_diem_danh`) REFERENCES `diem_danh` (`id_diem_danh`),
  ADD CONSTRAINT `chi_tiet_diem_danh_ibfk_3` FOREIGN KEY (`ma_sv`) REFERENCES `sinh_vien` (`ma_sv`);

--
-- Constraints for table `diem_danh`
--
ALTER TABLE `diem_danh`
  ADD CONSTRAINT `diem_danh_ibfk_1` FOREIGN KEY (`ma_lmh`) REFERENCES `lop_mon_hoc` (`ma_lmh`);

--
-- Constraints for table `lop_mon_hoc`
--
ALTER TABLE `lop_mon_hoc`
  ADD CONSTRAINT `lop_mon_hoc_ibfk_1` FOREIGN KEY (`ma_mh`) REFERENCES `mon_hoc` (`ma_mh`),
  ADD CONSTRAINT `lop_mon_hoc_ibfk_2` FOREIGN KEY (`ma_gv`) REFERENCES `giang_vien` (`ma_gv`);

--
-- Constraints for table `sinh_vien_lop_mon_hoc`
--
ALTER TABLE `sinh_vien_lop_mon_hoc`
  ADD CONSTRAINT `sinh_vien_lop_mon_hoc_ibfk_3` FOREIGN KEY (`ma_lmh`) REFERENCES `lop_mon_hoc` (`ma_lmh`),
  ADD CONSTRAINT `sinh_vien_lop_mon_hoc_ibfk_4` FOREIGN KEY (`ma_sv`) REFERENCES `sinh_vien` (`ma_sv`);
