-- phpMyAdmin SQL Dump
-- version 2.11.6
-- http://www.phpmyadmin.net
--
-- Host: localhost
-- Generation Time: Mar 21, 2020 at 11:39 AM
-- Server version: 5.0.51
-- PHP Version: 5.2.6

SET SQL_MODE="NO_AUTO_VALUE_ON_ZERO";


/*!40101 SET @OLD_CHARACTER_SET_CLIENT=@@CHARACTER_SET_CLIENT */;
/*!40101 SET @OLD_CHARACTER_SET_RESULTS=@@CHARACTER_SET_RESULTS */;
/*!40101 SET @OLD_COLLATION_CONNECTION=@@COLLATION_CONNECTION */;
/*!40101 SET NAMES utf8 */;

--
-- Database: `csdl_diem_danh`
--

-- --------------------------------------------------------

--
-- Table structure for table `admin`
--

CREATE TABLE `admin` (
  `id` int(100) NOT NULL auto_increment,
  `tai_khoan` varchar(100) collate utf8_unicode_ci NOT NULL,
  `mat_khau` varchar(100) collate utf8_unicode_ci NOT NULL,
  PRIMARY KEY  (`id`)
) ENGINE=InnoDB  DEFAULT CHARSET=utf8 COLLATE=utf8_unicode_ci AUTO_INCREMENT=2 ;

--
-- Dumping data for table `admin`
--

INSERT INTO `admin` (`id`, `tai_khoan`, `mat_khau`) VALUES
(1, 'admin', 'admin123');

-- --------------------------------------------------------

--
-- Table structure for table `chi_tiet_diem_danh`
--

CREATE TABLE `chi_tiet_diem_danh` (
  `id_chi_tiet_diem_danh` int(100) NOT NULL auto_increment,
  `id_diem_danh` int(100) NOT NULL,
  `ma_sv` varchar(100) collate utf8_unicode_ci NOT NULL,
  `trang_thai_diem_danh` varchar(100) collate utf8_unicode_ci NOT NULL,
  PRIMARY KEY  (`id_chi_tiet_diem_danh`),
  KEY `id_diem_danh` (`id_diem_danh`),
  KEY `ma_sv` (`ma_sv`)
) ENGINE=InnoDB  DEFAULT CHARSET=utf8 COLLATE=utf8_unicode_ci AUTO_INCREMENT=111 ;

--
-- Dumping data for table `chi_tiet_diem_danh`
--


-- --------------------------------------------------------

--
-- Table structure for table `diem_danh`
--

CREATE TABLE `diem_danh` (
  `id_diem_danh` int(100) NOT NULL auto_increment,
  `ma_lmh` varchar(100) collate utf8_unicode_ci NOT NULL,
  `ngay_diem_danh` date NOT NULL,
  `lan_diem_danh` int(100) NOT NULL,
  PRIMARY KEY  (`id_diem_danh`),
  KEY `ma_lmh` (`ma_lmh`)
) ENGINE=InnoDB  DEFAULT CHARSET=utf8 COLLATE=utf8_unicode_ci AUTO_INCREMENT=62 ;

--
-- Dumping data for table `diem_danh`
--


-- --------------------------------------------------------

--
-- Table structure for table `giang_vien`
--

CREATE TABLE `giang_vien` (
  `ma_gv` varchar(100) collate utf8_unicode_ci NOT NULL,
  `mat_khau` varchar(100) collate utf8_unicode_ci NOT NULL default '123456',
  `ten` varchar(100) collate utf8_unicode_ci NOT NULL,
  `khoa` varchar(100) collate utf8_unicode_ci NOT NULL,
  PRIMARY KEY  (`ma_gv`)
) ENGINE=InnoDB DEFAULT CHARSET=utf8 COLLATE=utf8_unicode_ci;

--
-- Dumping data for table `giang_vien`
--

INSERT INTO `giang_vien` (`ma_gv`, `mat_khau`, `ten`, `khoa`) VALUES
('1234001', '123456', 'Phạm Nguyễn Hoàng Nam', 'Công nghệ thông tin'),
('1234002', '123456', 'Phan Thị Bảo Trân', 'Công nghệ thông tin'),
('1234003', '123456', 'Nguyễn Viết Thanh', 'Quản trị kinh doanh'),
('1234004', '123456', 'Thái Duy Tùng', 'Quản trị kinh doanh'),
('1234005', '123456', 'Nguyễn Thị Ngọc Hoa', 'Công nghệ thông tin'),
('1234006', '123456', 'Phạm Xuân Kiên', 'Công nghệ thông tin'),
('1234007', '123456', 'Huỳnh Nam', 'Công nghệ thông tin');

-- --------------------------------------------------------

--
-- Table structure for table `lop_mon_hoc`
--

CREATE TABLE `lop_mon_hoc` (
  `ma_lmh` varchar(100) collate utf8_unicode_ci NOT NULL,
  `ten_lmh` varchar(100) collate utf8_unicode_ci NOT NULL,
  `ma_mh` varchar(100) collate utf8_unicode_ci NOT NULL,
  `ma_gv` varchar(100) collate utf8_unicode_ci NOT NULL,
  `hoc_ki` int(100) NOT NULL,
  `nam_hoc` varchar(100) collate utf8_unicode_ci NOT NULL,
  PRIMARY KEY  (`ma_lmh`),
  KEY `ma_mh` (`ma_mh`),
  KEY `ma_gv` (`ma_gv`)
) ENGINE=InnoDB DEFAULT CHARSET=utf8 COLLATE=utf8_unicode_ci;

--
-- Dumping data for table `lop_mon_hoc`
--

INSERT INTO `lop_mon_hoc` (`ma_lmh`, `ten_lmh`, `ma_mh`, `ma_gv`, `hoc_ki`, `nam_hoc`) VALUES
('1230011', 'DHHTTT13B', '123001', '1234002', 2, '2019-2020'),
('1230021', 'DHHTTT13B', '123002', '1234001', 2, '2019-2020'),
('1230041', 'DHHTTT13B', '123004', '1234003', 1, '2019-2020'),
('1230051', 'DHHTTT13B', '123005', '1234004', 1, '2019-2020'),
('1230061', 'DHHTTT13B', '123006', '1234005', 2, '2019-2020'),
('1230081', 'DHHTTT13B', '123008', '1234006', 2, '2019-2020'),
('1230091', 'DHHTTT13B', '123009', '1234007', 2, '2019-2020');

-- --------------------------------------------------------

--
-- Table structure for table `mon_hoc`
--

CREATE TABLE `mon_hoc` (
  `ma_mh` varchar(100) collate utf8_unicode_ci NOT NULL,
  `ten_mh` varchar(200) collate utf8_unicode_ci NOT NULL,
  `so_tin_chi` int(100) NOT NULL,
  `tong_so_tiet` int(100) NOT NULL,
  `so_tiet_li_thuyet` int(100) NOT NULL,
  `so_tiet_thuc_hanh` int(100) NOT NULL,
  PRIMARY KEY  (`ma_mh`)
) ENGINE=InnoDB DEFAULT CHARSET=utf8 COLLATE=utf8_unicode_ci;

--
-- Dumping data for table `mon_hoc`
--

INSERT INTO `mon_hoc` (`ma_mh`, `ten_mh`, `so_tin_chi`, `tong_so_tiet`, `so_tiet_li_thuyet`, `so_tiet_thuc_hanh`) VALUES
('123001', 'Tương tác người máy', 3, 45, 45, 0),
('123002', 'Bảo mật cơ sở dữ liệu', 3, 75, 45, 30),
('123004', 'Nguyên lý tiếp thị', 3, 45, 45, 0),
('123005', 'Quản trị tài chính', 3, 45, 45, 0),
('123006', 'Quản lý nguồn cung ứng', 3, 45, 45, 0),
('123008', 'Hệ thống thông tin quản lý', 3, 45, 45, 0),
('123009', 'Phát triển ứng dụng', 4, 90, 30, 60);

-- --------------------------------------------------------

--
-- Table structure for table `phan_hoi`
--

CREATE TABLE `phan_hoi` (
  `id_phan_hoi` int(100) NOT NULL auto_increment,
  `ma_ng_gui` varchar(100) collate utf8_unicode_ci NOT NULL,
  `ma_ng_nhan` varchar(100) collate utf8_unicode_ci NOT NULL,
  `tieu_de` varchar(255) collate utf8_unicode_ci NOT NULL,
  `noi_dung` varchar(255) collate utf8_unicode_ci NOT NULL,
  `ma_lmh` varchar(100) collate utf8_unicode_ci NOT NULL,
  `thoi_gian` date NOT NULL,
  PRIMARY KEY  (`id_phan_hoi`)
) ENGINE=InnoDB  DEFAULT CHARSET=utf8 COLLATE=utf8_unicode_ci AUTO_INCREMENT=6 ;

--
-- Dumping data for table `phan_hoi`
--

INSERT INTO `phan_hoi` (`id_phan_hoi`, `ma_ng_gui`, `ma_ng_nhan`, `tieu_de`, `noi_dung`, `ma_lmh`, `thoi_gian`) VALUES
(1, '17055071', '1234002', 'Phản hồi việc điểm danh sai', 'Điểm danh sai ngày 12/03/2020', '1230011', '2012-00-01'),
(2, '17055071', '1234002', 'Test phản hồi', 'Test phản hồi', '1230011', '2020-03-14'),
(3, '17055071', '1234002', 'test điểm danh 3', 'test điểm danh 3 test điểm danh 3 test điểm danh 3 test điểm danh 3 test điểm danh 3 test điểm danh 3 test điểm danh 3 test điểm danh 3 test điểm danh 3 test điểm danh 3 test điểm danh 3 test điểm danh 3 test điểm danh 3 ', '1230011', '2020-03-14'),
(4, '17084001', '1234002', 'Phan hoi diem danh sai ngay 2020-03-17', 'Thua co, ngay 2020-03-17 em co di hoc nhung tren he thong la ghi la vang khong phep. Mong co kiem tra lai giup em.', '1230011', '2020-03-17'),
(5, '17055071', '1234002', 'test phan hoi 4', 'test phan hoi 4', '1230011', '2020-03-18');

-- --------------------------------------------------------

--
-- Table structure for table `sinh_vien`
--

CREATE TABLE `sinh_vien` (
  `ma_sv` varchar(100) collate utf8_unicode_ci NOT NULL,
  `mat_khau` varchar(100) collate utf8_unicode_ci NOT NULL default '123456',
  `ho_dem` varchar(100) collate utf8_unicode_ci NOT NULL,
  `ten` varchar(100) collate utf8_unicode_ci NOT NULL,
  `ho_dem_ten` varchar(100) collate utf8_unicode_ci NOT NULL,
  `ngay_sinh` date NOT NULL default '1999-01-01',
  `gioi_tinh` varchar(100) collate utf8_unicode_ci NOT NULL default 'Nam',
  `lop` varchar(100) collate utf8_unicode_ci NOT NULL default 'DHHTTT13B',
  PRIMARY KEY  (`ma_sv`)
) ENGINE=InnoDB DEFAULT CHARSET=utf8 COLLATE=utf8_unicode_ci;

--
-- Dumping data for table `sinh_vien`
--

INSERT INTO `sinh_vien` (`ma_sv`, `mat_khau`, `ho_dem`, `ten`, `ho_dem_ten`, `ngay_sinh`, `gioi_tinh`, `lop`) VALUES
('17000255', '123456', 'Hồ Văn', 'Liêm', 'Hồ Văn Liêm', '1999-01-01', 'Nam', 'DHHTTT13B'),
('17001035', '123456', 'Châu Ngô Anh', 'Tuấn', 'Châu Ngô Anh Tuấn', '1999-01-01', 'Nam', 'DHHTTT13B'),
('17039361', '123456', 'Cao Võ Nhật', 'Minh', 'Cao Võ Nhật Minh', '1999-01-01', 'Nam', 'DHHTTT13B'),
('17043411', '123456', 'Nguyễn Hoàng', 'Tú', 'Nguyễn Hoàng Tú', '1999-01-01', 'Nam', 'DHHTTT13B'),
('17045511', '123456', 'Nguyễn Thanh', 'Trường', 'Nguyễn Thanh Trường', '1999-01-01', 'Nam', 'DHHTTT13B'),
('17047901', '123456', 'Nguyễn Tấn', 'Trung', 'Nguyễn Tấn Trung', '1999-01-01', 'Nam', 'DHHTTT13B'),
('17048661', '123456', 'Trần Thanh', 'Tuấn', 'Trần Thanh Tuấn', '1999-01-01', 'Nam', 'DHHTTT13B'),
('17049321', '123456', 'Lê Hoàng', 'Phúc', 'Lê Hoàng Phúc', '1999-01-01', 'Nam', 'DHHTTT13B'),
('17049601', '123456', 'Phạm Thái Thiên', 'Ân', 'Phạm Thái Thiên Ân', '1999-01-01', 'Nam', 'DHHTTT13B'),
('17050341', '123456', 'Huỳnh Trung', 'Hiếu', 'Huỳnh Trung Hiếu', '1999-01-01', 'Nam', 'DHHTTT13B'),
('17050711', '123456', 'Châu Hoàng', 'Tuấn', 'Châu Hoàng Tuấn', '1999-01-01', 'Nam', 'DHHTTT13B'),
('17051211', '123456', 'Văn Thành', 'Quang', 'Văn Thành Quang', '1999-01-01', 'Nam', 'DHHTTT13B'),
('17052171', '123456', 'Lê Thị Thu', 'Thúy', 'Lê Thị Thu Thúy', '1999-01-01', 'Nữ', 'DHHTTT13B'),
('17052201', '123456', 'Nguyễn Quang', 'Huy', 'Nguyễn Quang Huy', '1999-01-01', 'Nam', 'DHHTTT13B'),
('17053001', '123456', 'Nguyễn Quang', 'Thăng', 'Nguyễn Quang Thăng', '1999-01-01', 'Nam', 'DHHTTT13B'),
('17054961', '123456', 'Chang Thị Thủy', 'Tiên', 'Chang Thị Thủy Tiên', '1999-01-01', 'Nữ', 'DHHTTT13B'),
('17055021', '123456', 'Nguyễn Minh', 'Hiếu', 'Nguyễn Minh Hiếu', '1999-01-01', 'Nam', 'DHHTTT13B'),
('17055071', '123456', 'Nguyễn Minh', 'Nhật', 'Nguyễn Minh Nhật', '1999-08-30', 'Nam', 'DHHTTT13B'),
('17055191', '123456', 'Huỳnh Nguyên', 'Đăng', 'Huỳnh Nguyên Đăng', '1999-01-01', 'Nam', 'DHHTTT13B'),
('17055221', '123456', 'Nguyễn Văn', 'Hải', 'Nguyễn Văn Hải', '1999-01-01', 'Nam', 'DHHTTT13B'),
('17056171', '123456', 'Phan Thanh', 'Sang', 'Phan Thanh Sang', '1999-01-01', 'Nam', 'DHHTTT13B'),
('17062361', '123456', 'Lưu Bảo', 'Toàn', 'Lưu Bảo Toàn', '1999-01-01', 'Nam', 'DHHTTT13B'),
('17063291', '123456', 'Dương Văn Thiện ', 'Hải', 'Dương Văn Thiện Hải', '1999-01-01', 'Nam', 'DHHTTT13B'),
('17063591', '123456', 'Đinh Văn', 'Đáng', 'Đinh Văn Đáng', '1999-01-01', 'Nam', 'DHHTTT13B'),
('17063671', '123456', 'Nguyễn Vũ Quốc', 'Đại', 'Nguyễn Vũ Quốc Đại', '1999-01-01', 'Nam', 'DHHTTT13B'),
('17064121', '123456', 'Hồ Đức', 'Thịnh', 'Hồ Đức Thịnh', '1999-01-01', 'Nam', 'DHHTTT13B'),
('17064161', '123456', 'Nguyễn Lê Thị', 'Hiên', 'Nguyễn Lê Thị Hiên', '1999-01-01', 'Nữ', 'DHHTTT13B'),
('17064371', '123456', 'Nguyễn Quốc', 'Bảo', 'Nguyễn Quốc Bảo', '1999-01-01', 'Nam', 'DHHTTT13B'),
('17064471', '123456', 'Ngô Thị Kim', 'Anh', 'Ngô Thị Kim Anh', '1999-01-01', 'Nữ', 'DHHTTT13B'),
('17064611', '123456', 'Nguyễn Viết', 'Cường', 'Nguyễn Viết Cường', '1999-01-01', 'Nam', 'DHHTTT13B'),
('17066361', '123456', 'Nguyễn Thanh', 'Tùng', 'Nguyễn Thanh Tùng', '1999-01-01', 'Nam', 'DHHTTT13B'),
('17067011', '123456', 'Đoàn Văn', 'Quân', 'Đoàn Văn Quân', '1999-01-01', 'Nam', 'DHHTTT13B'),
('17067101', '123456', 'Nguyễn Viết', 'Phương', 'Nguyễn Viết Phương', '1999-01-01', 'Nam', 'DHHTTT13B'),
('17067311', '123456', 'Lê Xuân', 'Hồng', 'Lê Xuân Hồng', '1999-01-01', 'Nữ', 'DHHTTT13B'),
('17067481', '123456', 'Trần Thị Thùy', 'Linh', 'Trần Thị Thùy Linh', '1999-01-01', 'Nữ', 'DHHTTT13B'),
('17067591', '123456', 'Nguyễn Hoài', 'Phương', 'Nguyễn Hoài Phương', '1999-01-01', 'Nữ', 'DHHTTT13B'),
('17067941', '123456', 'Mai Ngọc', 'Huy', 'Mai Ngọc Huy', '1999-01-01', 'Nam', 'DHHTTT13B'),
('17068361', '123456', 'Trần Đặng Quốc', 'Duy', 'Trần Đặng Quốc Duy', '1999-01-01', 'Nam', 'DHHTTT13B'),
('17068491', '123456', 'Phùng Bảo', 'Minh', 'Phùng Bảo Minh', '1999-01-01', 'Nam', 'DHHTTT13B'),
('17068771', '123456', 'Huỳnh Long', 'Diệm', 'Huỳnh Long Diệm', '1999-01-01', 'Nam', 'DHHTTT13B'),
('17069581', '123456', 'Nguyễn Trọng', 'Khôi', 'Nguyễn Trọng Khôi', '1999-01-01', 'Nam', 'DHHTTT13B'),
('17070091', '123456', 'Nguyễn Thị', 'Châm', 'Nguyễn Thị Châm', '1999-01-01', 'Nữ', 'DHHTTT13B'),
('17070691', '123456', 'Võ Minh', 'Hà', 'Võ Minh Hà', '1999-01-01', 'Nam', 'DHHTTT13B'),
('17071341', '123456', 'Nguyễn Thị Hồng', 'Hà', 'Nguyễn Thị Hồng Hà', '1999-01-01', 'Nữ', 'DHHTTT13B'),
('17071891', '123456', 'Lương Phú', 'Cường', 'Lương Phú Cường', '1999-01-01', 'Nam', 'DHHTTT13B'),
('17072101', '123456', 'Đỗ Thành', 'Thi', 'Đỗ Thành Thi', '1999-01-01', 'Nam', 'DHHTTT13B'),
('17072271', '123456', 'Nguyễn Trọng', 'Nhân', 'Nguyễn Trọng Nhân', '1999-01-01', 'Nam', 'DHHTTT13B'),
('17072291', '123456', 'Lê Như', 'Nguyên', 'Lê Như Nguyên', '1999-01-01', 'Nữ', 'DHHTTT13B'),
('17072771', '123456', 'Trần Nguyễn Quang', 'Phúc', 'Trần Nguyễn Quang Phúc', '1999-01-01', 'Nam', 'DHHTTT13B'),
('17072931', '123456', 'Đỗ Trình Quốc', 'Đăng', 'Đỗ Trình Quốc Đăng', '1999-01-01', 'Nam', 'DHHTTT13B'),
('17075921', '123456', 'Nguyễn Hùng', 'Vĩ', 'Nguyễn Hùng Vĩ', '1999-01-01', 'Nam', 'DHHTTT13B'),
('17076441', '123456', 'Nguyễn', 'Phúc', 'Nguyễn Phúc', '1999-01-01', 'Nam', 'DHHTTT13B'),
('17079291', '123456', 'Đồng Quang', 'Tiến', 'Đồng Quang Tiến', '1999-01-01', 'Nam', 'DHHTTT13B'),
('17082141', '123456', 'Phan Trí', 'Thông', 'Phan Trí Thông', '1999-01-01', 'Nam', 'DHHTTT13B'),
('17082251', '123456', 'Nguyễn Công', 'Sanh', 'Nguyễn Công Sanh', '1999-01-01', 'Nam', 'DHHTTT13B'),
('17083921', '123456', 'Lê Minh', 'Chiến', 'Lê Minh Chiến', '1999-01-01', 'Nam', 'DHHTTT13B'),
('17084001', '123456', 'Nguyễn Anh', 'Huy', 'Nguyễn Anh Huy', '1999-01-01', 'Nam', 'DHHTTT13B'),
('17086141', '123456', 'Lê Văn', 'Hiếu', 'Lê Văn Hiếu', '1999-01-01', 'Nam', 'DHHTTT13B'),
('17088231', '123456', 'Dương Đoàn Quang', 'Khương', 'Dương Đoàn Quang Khương', '1999-01-01', 'Nam', 'DHHTTT13B'),
('17089511', '123456', 'Đào Quốc', 'Tín', 'Đào Quốc Tín', '1999-01-01', 'Nam', 'DHHTTT13B'),
('17089681', '123456', 'Hồ Ninh Hải', 'Uyên', 'Hồ Ninh Hải Uyên', '1999-01-01', 'Nữ', 'DHHTTT13B'),
('17089691', '123456', 'Võ Thành', 'Sơn', 'Võ Thành Sơn', '1999-01-01', 'Nam', 'DHHTTT13B'),
('17091101', '123456', 'Cái Hoàng', 'Lâm', 'Cái Hoàng Lâm', '1999-01-01', 'Nam', 'DHHTTT13B'),
('17092091', '123456', 'Lê Thị Mỹ', 'Hạnh', 'Lê Thị Mỹ Hạnh', '1999-01-01', 'Nữ', 'DHHTTT13B'),
('17092211', '123456', 'Tiêu Quốc', 'Hào', 'Tiêu Quốc Hào', '1999-01-01', 'Nam', 'DHHTTT13B'),
('17092591', '123456', 'Nguyễn Thị', 'Hoa', 'Nguyễn Thị Hoa', '1999-01-01', 'Nữ', 'DHHTTT13B'),
('17092811', '123456', 'Phan Ngọc', 'My', 'Phan Ngọc My', '1999-01-01', 'Nữ', 'DHHTTT13B'),
('17093341', '123456', 'Châu', 'Vũ', 'Châu Vũ', '1999-01-01', 'Nam', 'DHHTTT13B'),
('17094681', '123456', 'Phan Minh', 'Được', 'Phan Minh Được', '1999-01-01', 'Nam', 'DHHTTT13B'),
('17094691', '123456', 'Lê Tấn', 'Tính', 'Lê Tấn Tính', '1999-01-01', 'Nam', 'DHHTTT13B'),
('17096351', '123456', 'Nguyễn Trần Lệ', 'Duyên', 'Nguyễn Trần Lệ Duyên', '1999-01-01', 'Nữ', 'DHHTTT13B'),
('17096581', '123456', 'Trần Thị Thúy', 'Hằng', 'Trần Thị Thúy Hằng', '1999-01-01', 'Nữ', 'DHHTTT13B'),
('17096881', '123456', 'Trương Nguyễn Thị Tường', 'Vi', 'Trương Nguyễn Thị Tường Vi', '1999-01-01', 'Nữ', 'DHHTTT13B'),
('17097641', '123456', 'Nguyễn Quốc', 'Khải', 'Nguyễn Quốc Khải', '1999-01-01', 'Nam', 'DHHTTT13B'),
('17099171', '123456', 'Vương Minh', 'Thông', 'Vương Minh Thông', '1999-01-01', 'Nam', 'DHHTTT13B'),
('17100141', '123456', 'Nguyễn Đặng Minh', 'Tú', 'Nguyễn Đặng Minh Tú', '1999-01-01', 'Nữ', 'DHHTTT13B'),
('17100181', '123456', 'Trần Công', 'Nam', 'Trần Công Nam', '1999-01-01', 'Nam', 'DHHTTT13B'),
('17100921', '123456', 'Bùi Thị', 'Trọng', 'Bùi Thị Trọng', '1999-01-01', 'Nữ', 'DHHTTT13B'),
('17102191', '123456', 'Trần Thị Minh', 'Huyền', 'Trần Thị Minh Huyền', '1999-01-01', 'Nữ', 'DHHTTT13B'),
('17102211', '123456', 'Vũ Huy', 'Hoàng', 'Vũ Huy Hoàng', '1999-01-01', 'Nam', 'DHHTTT13B'),
('17102741', '123456', 'Tô Thanh', 'Tân', 'Tô Thanh Tân', '1999-01-01', 'Nam', 'DHHTTT13B'),
('17103881', '123456', 'Trần Trọng', 'Hiếu', 'Trần Trọng Hiếu', '1999-01-01', 'Nam', 'DHHTTT13B'),
('17104051', '123456', 'Nguyễn Ngọc Huy', 'Phương', 'Nguyễn Ngọc Huy Phương', '1999-01-01', 'Nữ', 'DHHTTT13B'),
('17104361', '123456', 'Nguyễn Tuấn', 'Khải', 'Nguyễn Tuấn Khải', '1999-01-01', 'Nam', 'DHHTTT13B'),
('17104541', '123456', 'Nguyễn Phước Khánh', 'Linh', 'Nguyễn Phước Khánh Linh', '1999-01-01', 'Nữ', 'DHHTTT13B'),
('17104831', '123456', 'Lê Thúy', 'Hiền', 'Lê Thúy Hiền', '1999-01-01', 'Nữ', 'DHHTTT13B');

-- --------------------------------------------------------

--
-- Table structure for table `sinh_vien_lop_mon_hoc`
--

CREATE TABLE `sinh_vien_lop_mon_hoc` (
  `ma_lmh` varchar(100) collate utf8_unicode_ci NOT NULL,
  `ma_sv` varchar(100) collate utf8_unicode_ci NOT NULL,
  `hoc_ki` int(100) NOT NULL,
  `nam_hoc` varchar(100) collate utf8_unicode_ci NOT NULL,
  PRIMARY KEY  (`ma_lmh`,`ma_sv`),
  KEY `ma_sv` (`ma_sv`)
) ENGINE=InnoDB DEFAULT CHARSET=utf8 COLLATE=utf8_unicode_ci;

--
-- Dumping data for table `sinh_vien_lop_mon_hoc`
--

INSERT INTO `sinh_vien_lop_mon_hoc` (`ma_lmh`, `ma_sv`, `hoc_ki`, `nam_hoc`) VALUES
('1230011', '17000255', 2, '2019-2020'),
('1230011', '17001035', 2, '2019-2020'),
('1230011', '17039361', 2, '2019-2020'),
('1230011', '17043411', 2, '2019-2020'),
('1230011', '17045511', 2, '2019-2020'),
('1230011', '17047901', 2, '2019-2020'),
('1230011', '17048661', 2, '2019-2020'),
('1230011', '17049321', 2, '2019-2020'),
('1230011', '17049601', 2, '2019-2020'),
('1230011', '17050341', 2, '2019-2020'),
('1230011', '17050711', 2, '2019-2020'),
('1230011', '17051211', 2, '2019-2020'),
('1230011', '17052171', 2, '2019-2020'),
('1230011', '17052201', 2, '2019-2020'),
('1230011', '17053001', 2, '2019-2020'),
('1230011', '17054961', 2, '2019-2020'),
('1230011', '17055021', 2, '2019-2020'),
('1230011', '17055071', 2, '2019-2020'),
('1230011', '17055191', 2, '2019-2020'),
('1230011', '17055221', 2, '2019-2020'),
('1230011', '17056171', 2, '2019-2020'),
('1230011', '17062361', 2, '2019-2020'),
('1230011', '17063291', 2, '2019-2020'),
('1230011', '17063591', 2, '2019-2020'),
('1230011', '17063671', 2, '2019-2020'),
('1230011', '17064121', 2, '2019-2020'),
('1230011', '17064161', 2, '2019-2020'),
('1230011', '17064371', 2, '2019-2020'),
('1230011', '17064471', 2, '2019-2020'),
('1230011', '17064611', 2, '2019-2020'),
('1230011', '17066361', 2, '2019-2020'),
('1230011', '17067011', 2, '2019-2020'),
('1230011', '17067101', 2, '2019-2020'),
('1230011', '17067311', 2, '2019-2020'),
('1230011', '17067481', 2, '2019-2020'),
('1230011', '17067591', 2, '2019-2020'),
('1230011', '17067941', 2, '2019-2020'),
('1230011', '17068361', 2, '2019-2020'),
('1230011', '17068491', 2, '2019-2020'),
('1230011', '17068771', 2, '2019-2020'),
('1230011', '17069581', 2, '2019-2020'),
('1230011', '17070091', 2, '2019-2020'),
('1230011', '17070691', 2, '2019-2020'),
('1230011', '17071341', 2, '2019-2020'),
('1230011', '17071891', 2, '2019-2020'),
('1230011', '17072101', 2, '2019-2020'),
('1230011', '17072271', 2, '2019-2020'),
('1230011', '17072291', 2, '2019-2020'),
('1230011', '17072771', 2, '2019-2020'),
('1230011', '17072931', 2, '2019-2020'),
('1230011', '17075921', 2, '2019-2020'),
('1230011', '17076441', 2, '2019-2020'),
('1230011', '17079291', 2, '2019-2020'),
('1230011', '17082141', 2, '2019-2020'),
('1230011', '17082251', 2, '2019-2020'),
('1230011', '17083921', 2, '2019-2020'),
('1230011', '17084001', 2, '2019-2020'),
('1230011', '17086141', 2, '2019-2020'),
('1230011', '17088231', 2, '2019-2020'),
('1230011', '17089511', 2, '2019-2020'),
('1230011', '17089681', 2, '2019-2020'),
('1230011', '17089691', 2, '2019-2020'),
('1230011', '17091101', 2, '2019-2020'),
('1230011', '17092091', 2, '2019-2020'),
('1230011', '17092211', 2, '2019-2020'),
('1230011', '17092591', 2, '2019-2020'),
('1230011', '17092811', 2, '2019-2020'),
('1230011', '17093341', 2, '2019-2020'),
('1230011', '17094681', 2, '2019-2020'),
('1230011', '17094691', 2, '2019-2020'),
('1230011', '17096351', 2, '2019-2020'),
('1230011', '17096581', 2, '2019-2020'),
('1230011', '17096881', 2, '2019-2020'),
('1230011', '17097641', 2, '2019-2020'),
('1230011', '17099171', 2, '2019-2020'),
('1230011', '17100141', 2, '2019-2020'),
('1230011', '17100181', 2, '2019-2020'),
('1230011', '17100921', 2, '2019-2020'),
('1230011', '17102191', 2, '2019-2020'),
('1230011', '17102211', 2, '2019-2020'),
('1230011', '17102741', 2, '2019-2020'),
('1230011', '17103881', 2, '2019-2020'),
('1230011', '17104051', 2, '2019-2020'),
('1230011', '17104361', 2, '2019-2020'),
('1230011', '17104541', 2, '2019-2020'),
('1230011', '17104831', 2, '2019-2020'),
('1230021', '17000255', 2, '2019-2020'),
('1230021', '17001035', 2, '2019-2020'),
('1230021', '17039361', 2, '2019-2020'),
('1230021', '17043411', 2, '2019-2020'),
('1230021', '17045511', 2, '2019-2020'),
('1230021', '17047901', 2, '2019-2020'),
('1230021', '17048661', 2, '2019-2020'),
('1230021', '17049321', 2, '2019-2020'),
('1230021', '17049601', 2, '2019-2020'),
('1230021', '17050341', 2, '2019-2020'),
('1230021', '17050711', 2, '2019-2020'),
('1230021', '17051211', 2, '2019-2020'),
('1230021', '17052171', 2, '2019-2020'),
('1230021', '17052201', 2, '2019-2020'),
('1230021', '17053001', 2, '2019-2020'),
('1230021', '17054961', 2, '2019-2020'),
('1230021', '17055021', 2, '2019-2020'),
('1230021', '17055071', 2, '2019-2020'),
('1230021', '17055191', 2, '2019-2020'),
('1230021', '17055221', 2, '2019-2020'),
('1230021', '17056171', 2, '2019-2020'),
('1230021', '17062361', 2, '2019-2020'),
('1230021', '17063291', 2, '2019-2020'),
('1230021', '17063591', 2, '2019-2020'),
('1230021', '17063671', 2, '2019-2020'),
('1230021', '17064121', 2, '2019-2020'),
('1230021', '17064161', 2, '2019-2020'),
('1230021', '17064371', 2, '2019-2020'),
('1230021', '17064471', 2, '2019-2020'),
('1230021', '17064611', 2, '2019-2020'),
('1230021', '17066361', 2, '2019-2020'),
('1230021', '17067011', 2, '2019-2020'),
('1230021', '17067101', 2, '2019-2020'),
('1230021', '17067311', 2, '2019-2020'),
('1230021', '17067481', 2, '2019-2020'),
('1230021', '17067591', 2, '2019-2020'),
('1230021', '17067941', 2, '2019-2020'),
('1230021', '17068361', 2, '2019-2020'),
('1230021', '17068491', 2, '2019-2020'),
('1230021', '17068771', 2, '2019-2020'),
('1230021', '17069581', 2, '2019-2020'),
('1230021', '17070091', 2, '2019-2020'),
('1230021', '17070691', 2, '2019-2020'),
('1230021', '17071341', 2, '2019-2020'),
('1230021', '17071891', 2, '2019-2020'),
('1230021', '17072101', 2, '2019-2020'),
('1230021', '17072271', 2, '2019-2020'),
('1230021', '17072291', 2, '2019-2020'),
('1230021', '17072771', 2, '2019-2020'),
('1230021', '17072931', 2, '2019-2020'),
('1230021', '17075921', 2, '2019-2020'),
('1230021', '17076441', 2, '2019-2020'),
('1230021', '17079291', 2, '2019-2020'),
('1230021', '17082141', 2, '2019-2020'),
('1230021', '17082251', 2, '2019-2020'),
('1230021', '17083921', 2, '2019-2020'),
('1230021', '17084001', 2, '2019-2020'),
('1230021', '17086141', 2, '2019-2020'),
('1230021', '17088231', 2, '2019-2020'),
('1230021', '17089511', 2, '2019-2020'),
('1230021', '17089681', 2, '2019-2020'),
('1230021', '17089691', 2, '2019-2020'),
('1230021', '17091101', 2, '2019-2020'),
('1230021', '17092091', 2, '2019-2020'),
('1230021', '17092211', 2, '2019-2020'),
('1230021', '17092591', 2, '2019-2020'),
('1230021', '17092811', 2, '2019-2020'),
('1230021', '17093341', 2, '2019-2020'),
('1230021', '17094681', 2, '2019-2020'),
('1230021', '17094691', 2, '2019-2020'),
('1230021', '17096351', 2, '2019-2020'),
('1230021', '17096581', 2, '2019-2020'),
('1230021', '17096881', 2, '2019-2020'),
('1230021', '17097641', 2, '2019-2020'),
('1230021', '17099171', 2, '2019-2020'),
('1230021', '17100141', 2, '2019-2020'),
('1230021', '17100181', 2, '2019-2020'),
('1230021', '17100921', 2, '2019-2020'),
('1230021', '17102191', 2, '2019-2020'),
('1230021', '17102211', 2, '2019-2020'),
('1230021', '17102741', 2, '2019-2020'),
('1230021', '17103881', 2, '2019-2020'),
('1230021', '17104051', 2, '2019-2020'),
('1230021', '17104361', 2, '2019-2020'),
('1230021', '17104541', 2, '2019-2020'),
('1230021', '17104831', 2, '2019-2020'),
('1230041', '17000255', 1, '2019-2020'),
('1230041', '17001035', 1, '2019-2020'),
('1230041', '17039361', 1, '2019-2020'),
('1230041', '17043411', 1, '2019-2020'),
('1230041', '17045511', 1, '2019-2020'),
('1230041', '17047901', 1, '2019-2020'),
('1230041', '17048661', 1, '2019-2020'),
('1230041', '17049321', 1, '2019-2020'),
('1230041', '17049601', 1, '2019-2020'),
('1230041', '17050341', 1, '2019-2020'),
('1230041', '17050711', 1, '2019-2020'),
('1230041', '17051211', 1, '2019-2020'),
('1230041', '17052171', 1, '2019-2020'),
('1230041', '17052201', 1, '2019-2020'),
('1230041', '17053001', 1, '2019-2020'),
('1230041', '17054961', 1, '2019-2020'),
('1230041', '17055021', 1, '2019-2020'),
('1230041', '17055071', 1, '2019-2020'),
('1230041', '17055191', 1, '2019-2020'),
('1230041', '17055221', 1, '2019-2020'),
('1230041', '17056171', 1, '2019-2020'),
('1230041', '17062361', 1, '2019-2020'),
('1230041', '17063291', 1, '2019-2020'),
('1230041', '17063591', 1, '2019-2020'),
('1230041', '17063671', 1, '2019-2020'),
('1230041', '17064121', 1, '2019-2020'),
('1230041', '17064161', 1, '2019-2020'),
('1230041', '17064371', 1, '2019-2020'),
('1230041', '17064471', 1, '2019-2020'),
('1230041', '17064611', 1, '2019-2020'),
('1230041', '17066361', 1, '2019-2020'),
('1230041', '17067011', 1, '2019-2020'),
('1230041', '17067101', 1, '2019-2020'),
('1230041', '17067311', 1, '2019-2020'),
('1230041', '17067481', 1, '2019-2020'),
('1230041', '17067591', 1, '2019-2020'),
('1230041', '17067941', 1, '2019-2020'),
('1230041', '17068361', 1, '2019-2020'),
('1230041', '17068491', 1, '2019-2020'),
('1230041', '17068771', 1, '2019-2020'),
('1230041', '17069581', 1, '2019-2020'),
('1230041', '17070091', 1, '2019-2020'),
('1230041', '17070691', 1, '2019-2020'),
('1230041', '17071341', 1, '2019-2020'),
('1230041', '17071891', 1, '2019-2020'),
('1230041', '17072101', 1, '2019-2020'),
('1230041', '17072271', 1, '2019-2020'),
('1230041', '17072291', 1, '2019-2020'),
('1230041', '17072771', 1, '2019-2020'),
('1230041', '17072931', 1, '2019-2020'),
('1230041', '17075921', 1, '2019-2020'),
('1230041', '17076441', 1, '2019-2020'),
('1230041', '17079291', 1, '2019-2020'),
('1230041', '17082141', 1, '2019-2020'),
('1230041', '17082251', 1, '2019-2020'),
('1230041', '17083921', 1, '2019-2020'),
('1230041', '17084001', 1, '2019-2020'),
('1230041', '17086141', 1, '2019-2020'),
('1230041', '17088231', 1, '2019-2020'),
('1230041', '17089511', 1, '2019-2020'),
('1230041', '17089681', 1, '2019-2020'),
('1230041', '17089691', 1, '2019-2020'),
('1230041', '17091101', 1, '2019-2020'),
('1230041', '17092091', 1, '2019-2020'),
('1230041', '17092211', 1, '2019-2020'),
('1230041', '17092591', 1, '2019-2020'),
('1230041', '17092811', 1, '2019-2020'),
('1230041', '17093341', 1, '2019-2020'),
('1230041', '17094681', 1, '2019-2020'),
('1230041', '17094691', 1, '2019-2020'),
('1230041', '17096351', 1, '2019-2020'),
('1230041', '17096581', 1, '2019-2020'),
('1230041', '17096881', 1, '2019-2020'),
('1230041', '17097641', 1, '2019-2020'),
('1230041', '17099171', 1, '2019-2020'),
('1230041', '17100141', 1, '2019-2020'),
('1230041', '17100181', 1, '2019-2020'),
('1230041', '17100921', 1, '2019-2020'),
('1230041', '17102191', 1, '2019-2020'),
('1230041', '17102211', 1, '2019-2020'),
('1230041', '17102741', 1, '2019-2020'),
('1230041', '17103881', 1, '2019-2020'),
('1230041', '17104051', 1, '2019-2020'),
('1230041', '17104361', 1, '2019-2020'),
('1230041', '17104541', 1, '2019-2020'),
('1230041', '17104831', 1, '2019-2020'),
('1230051', '17000255', 1, '2019-2020'),
('1230051', '17001035', 1, '2019-2020'),
('1230051', '17039361', 1, '2019-2020'),
('1230051', '17043411', 1, '2019-2020'),
('1230051', '17045511', 1, '2019-2020'),
('1230051', '17047901', 1, '2019-2020'),
('1230051', '17048661', 1, '2019-2020'),
('1230051', '17049321', 1, '2019-2020'),
('1230051', '17049601', 1, '2019-2020'),
('1230051', '17050341', 1, '2019-2020'),
('1230051', '17050711', 1, '2019-2020'),
('1230051', '17051211', 1, '2019-2020'),
('1230051', '17052171', 1, '2019-2020'),
('1230051', '17052201', 1, '2019-2020'),
('1230051', '17053001', 1, '2019-2020'),
('1230051', '17054961', 1, '2019-2020'),
('1230051', '17055021', 1, '2019-2020'),
('1230051', '17055071', 1, '2019-2020'),
('1230051', '17055191', 1, '2019-2020'),
('1230051', '17055221', 1, '2019-2020'),
('1230051', '17056171', 1, '2019-2020'),
('1230051', '17062361', 1, '2019-2020'),
('1230051', '17063291', 1, '2019-2020'),
('1230051', '17063591', 1, '2019-2020'),
('1230051', '17063671', 1, '2019-2020'),
('1230051', '17064121', 1, '2019-2020'),
('1230051', '17064161', 1, '2019-2020'),
('1230051', '17064371', 1, '2019-2020'),
('1230051', '17064471', 1, '2019-2020'),
('1230051', '17064611', 1, '2019-2020'),
('1230051', '17066361', 1, '2019-2020'),
('1230051', '17067011', 1, '2019-2020'),
('1230051', '17067101', 1, '2019-2020'),
('1230051', '17067311', 1, '2019-2020'),
('1230051', '17067481', 1, '2019-2020'),
('1230051', '17067591', 1, '2019-2020'),
('1230051', '17067941', 1, '2019-2020'),
('1230051', '17068361', 1, '2019-2020'),
('1230051', '17068491', 1, '2019-2020'),
('1230051', '17068771', 1, '2019-2020'),
('1230051', '17069581', 1, '2019-2020'),
('1230051', '17070091', 1, '2019-2020'),
('1230051', '17070691', 1, '2019-2020'),
('1230051', '17071341', 1, '2019-2020'),
('1230051', '17071891', 1, '2019-2020'),
('1230051', '17072101', 1, '2019-2020'),
('1230051', '17072271', 1, '2019-2020'),
('1230051', '17072291', 1, '2019-2020'),
('1230051', '17072771', 1, '2019-2020'),
('1230051', '17072931', 1, '2019-2020'),
('1230051', '17075921', 1, '2019-2020'),
('1230051', '17076441', 1, '2019-2020'),
('1230051', '17079291', 1, '2019-2020'),
('1230051', '17082141', 1, '2019-2020'),
('1230051', '17082251', 1, '2019-2020'),
('1230051', '17083921', 1, '2019-2020'),
('1230051', '17084001', 1, '2019-2020'),
('1230051', '17086141', 1, '2019-2020'),
('1230051', '17088231', 1, '2019-2020'),
('1230051', '17089511', 1, '2019-2020'),
('1230051', '17089681', 1, '2019-2020'),
('1230051', '17089691', 1, '2019-2020'),
('1230051', '17091101', 1, '2019-2020'),
('1230051', '17092091', 1, '2019-2020'),
('1230051', '17092211', 1, '2019-2020'),
('1230051', '17092591', 1, '2019-2020'),
('1230051', '17092811', 1, '2019-2020'),
('1230051', '17093341', 1, '2019-2020'),
('1230051', '17094681', 1, '2019-2020'),
('1230051', '17094691', 1, '2019-2020'),
('1230051', '17096351', 1, '2019-2020'),
('1230051', '17096581', 1, '2019-2020'),
('1230051', '17096881', 1, '2019-2020'),
('1230051', '17097641', 1, '2019-2020'),
('1230051', '17099171', 1, '2019-2020'),
('1230051', '17100141', 1, '2019-2020'),
('1230051', '17100181', 1, '2019-2020'),
('1230051', '17100921', 1, '2019-2020'),
('1230051', '17102191', 1, '2019-2020'),
('1230051', '17102211', 1, '2019-2020'),
('1230051', '17102741', 1, '2019-2020'),
('1230051', '17103881', 1, '2019-2020'),
('1230051', '17104051', 1, '2019-2020'),
('1230051', '17104361', 1, '2019-2020'),
('1230051', '17104541', 1, '2019-2020'),
('1230051', '17104831', 1, '2019-2020'),
('1230061', '17000255', 2, '2019-2020'),
('1230061', '17001035', 2, '2019-2020'),
('1230061', '17039361', 2, '2019-2020'),
('1230061', '17043411', 2, '2019-2020'),
('1230061', '17045511', 2, '2019-2020'),
('1230061', '17047901', 2, '2019-2020'),
('1230061', '17048661', 2, '2019-2020'),
('1230061', '17049321', 2, '2019-2020'),
('1230061', '17049601', 2, '2019-2020'),
('1230061', '17050341', 2, '2019-2020'),
('1230061', '17050711', 2, '2019-2020'),
('1230061', '17051211', 2, '2019-2020'),
('1230061', '17052171', 2, '2019-2020'),
('1230061', '17052201', 2, '2019-2020'),
('1230061', '17053001', 2, '2019-2020'),
('1230061', '17054961', 2, '2019-2020'),
('1230061', '17055021', 2, '2019-2020'),
('1230061', '17055071', 2, '2019-2020'),
('1230061', '17055191', 2, '2019-2020'),
('1230061', '17055221', 2, '2019-2020'),
('1230061', '17056171', 2, '2019-2020'),
('1230061', '17062361', 2, '2019-2020'),
('1230061', '17063291', 2, '2019-2020'),
('1230061', '17063591', 2, '2019-2020'),
('1230061', '17063671', 2, '2019-2020'),
('1230061', '17064121', 2, '2019-2020'),
('1230061', '17064161', 2, '2019-2020'),
('1230061', '17064371', 2, '2019-2020'),
('1230061', '17064471', 2, '2019-2020'),
('1230061', '17064611', 2, '2019-2020'),
('1230061', '17066361', 2, '2019-2020'),
('1230061', '17067011', 2, '2019-2020'),
('1230061', '17067101', 2, '2019-2020'),
('1230061', '17067311', 2, '2019-2020'),
('1230061', '17067481', 2, '2019-2020'),
('1230061', '17067591', 2, '2019-2020'),
('1230061', '17067941', 2, '2019-2020'),
('1230061', '17068361', 2, '2019-2020'),
('1230061', '17068491', 2, '2019-2020'),
('1230061', '17068771', 2, '2019-2020'),
('1230061', '17069581', 2, '2019-2020'),
('1230061', '17070091', 2, '2019-2020'),
('1230061', '17070691', 2, '2019-2020'),
('1230061', '17071341', 2, '2019-2020'),
('1230061', '17071891', 2, '2019-2020'),
('1230061', '17072101', 2, '2019-2020'),
('1230061', '17072271', 2, '2019-2020'),
('1230061', '17072291', 2, '2019-2020'),
('1230061', '17072771', 2, '2019-2020'),
('1230061', '17072931', 2, '2019-2020'),
('1230061', '17075921', 2, '2019-2020'),
('1230061', '17076441', 2, '2019-2020'),
('1230061', '17079291', 2, '2019-2020'),
('1230061', '17082141', 2, '2019-2020'),
('1230061', '17082251', 2, '2019-2020'),
('1230061', '17083921', 2, '2019-2020'),
('1230061', '17084001', 2, '2019-2020'),
('1230061', '17086141', 2, '2019-2020'),
('1230061', '17088231', 2, '2019-2020'),
('1230061', '17089511', 2, '2019-2020'),
('1230061', '17089681', 2, '2019-2020'),
('1230061', '17089691', 2, '2019-2020'),
('1230061', '17091101', 2, '2019-2020'),
('1230061', '17092091', 2, '2019-2020'),
('1230061', '17092211', 2, '2019-2020'),
('1230061', '17092591', 2, '2019-2020'),
('1230061', '17092811', 2, '2019-2020'),
('1230061', '17093341', 2, '2019-2020'),
('1230061', '17094681', 2, '2019-2020'),
('1230061', '17094691', 2, '2019-2020'),
('1230061', '17096351', 2, '2019-2020'),
('1230061', '17096581', 2, '2019-2020'),
('1230061', '17096881', 2, '2019-2020'),
('1230061', '17097641', 2, '2019-2020'),
('1230061', '17099171', 2, '2019-2020'),
('1230061', '17100141', 2, '2019-2020'),
('1230061', '17100181', 2, '2019-2020'),
('1230061', '17100921', 2, '2019-2020'),
('1230061', '17102191', 2, '2019-2020'),
('1230061', '17102211', 2, '2019-2020'),
('1230061', '17102741', 2, '2019-2020'),
('1230061', '17103881', 2, '2019-2020'),
('1230061', '17104051', 2, '2019-2020'),
('1230061', '17104361', 2, '2019-2020'),
('1230061', '17104541', 2, '2019-2020'),
('1230061', '17104831', 2, '2019-2020'),
('1230081', '17000255', 2, '2019-2020'),
('1230081', '17001035', 2, '2019-2020'),
('1230081', '17039361', 2, '2019-2020'),
('1230081', '17043411', 2, '2019-2020'),
('1230081', '17045511', 2, '2019-2020'),
('1230081', '17047901', 2, '2019-2020'),
('1230081', '17048661', 2, '2019-2020'),
('1230081', '17049321', 2, '2019-2020'),
('1230081', '17049601', 2, '2019-2020'),
('1230081', '17050341', 2, '2019-2020'),
('1230081', '17050711', 2, '2019-2020'),
('1230081', '17051211', 2, '2019-2020'),
('1230081', '17052171', 2, '2019-2020'),
('1230081', '17052201', 2, '2019-2020'),
('1230081', '17053001', 2, '2019-2020'),
('1230081', '17054961', 2, '2019-2020'),
('1230081', '17055021', 2, '2019-2020'),
('1230081', '17055071', 2, '2019-2020'),
('1230081', '17055191', 2, '2019-2020'),
('1230081', '17055221', 2, '2019-2020'),
('1230081', '17056171', 2, '2019-2020'),
('1230081', '17062361', 2, '2019-2020'),
('1230081', '17063291', 2, '2019-2020'),
('1230081', '17063591', 2, '2019-2020'),
('1230081', '17063671', 2, '2019-2020'),
('1230081', '17064121', 2, '2019-2020'),
('1230081', '17064161', 2, '2019-2020'),
('1230081', '17064371', 2, '2019-2020'),
('1230081', '17064471', 2, '2019-2020'),
('1230081', '17064611', 2, '2019-2020'),
('1230081', '17066361', 2, '2019-2020'),
('1230081', '17067011', 2, '2019-2020'),
('1230081', '17067101', 2, '2019-2020'),
('1230081', '17067311', 2, '2019-2020'),
('1230081', '17067481', 2, '2019-2020'),
('1230081', '17067591', 2, '2019-2020'),
('1230081', '17067941', 2, '2019-2020'),
('1230081', '17068361', 2, '2019-2020'),
('1230081', '17068491', 2, '2019-2020'),
('1230081', '17068771', 2, '2019-2020'),
('1230081', '17069581', 2, '2019-2020'),
('1230081', '17070091', 2, '2019-2020'),
('1230081', '17070691', 2, '2019-2020'),
('1230081', '17071341', 2, '2019-2020'),
('1230081', '17071891', 2, '2019-2020'),
('1230081', '17072101', 2, '2019-2020'),
('1230081', '17072271', 2, '2019-2020'),
('1230081', '17072291', 2, '2019-2020'),
('1230081', '17072771', 2, '2019-2020'),
('1230081', '17072931', 2, '2019-2020'),
('1230081', '17075921', 2, '2019-2020'),
('1230081', '17076441', 2, '2019-2020'),
('1230081', '17079291', 2, '2019-2020'),
('1230081', '17082141', 2, '2019-2020'),
('1230081', '17082251', 2, '2019-2020'),
('1230081', '17083921', 2, '2019-2020'),
('1230081', '17084001', 2, '2019-2020'),
('1230081', '17086141', 2, '2019-2020'),
('1230081', '17088231', 2, '2019-2020'),
('1230081', '17089511', 2, '2019-2020'),
('1230081', '17089681', 2, '2019-2020'),
('1230081', '17089691', 2, '2019-2020'),
('1230081', '17091101', 2, '2019-2020'),
('1230081', '17092091', 2, '2019-2020'),
('1230081', '17092211', 2, '2019-2020'),
('1230081', '17092591', 2, '2019-2020'),
('1230081', '17092811', 2, '2019-2020'),
('1230081', '17093341', 2, '2019-2020'),
('1230081', '17094681', 2, '2019-2020'),
('1230081', '17094691', 2, '2019-2020'),
('1230081', '17096351', 2, '2019-2020'),
('1230081', '17096581', 2, '2019-2020'),
('1230081', '17096881', 2, '2019-2020'),
('1230081', '17097641', 2, '2019-2020'),
('1230081', '17099171', 2, '2019-2020'),
('1230081', '17100141', 2, '2019-2020'),
('1230081', '17100181', 2, '2019-2020'),
('1230081', '17100921', 2, '2019-2020'),
('1230081', '17102191', 2, '2019-2020'),
('1230081', '17102211', 2, '2019-2020'),
('1230081', '17102741', 2, '2019-2020'),
('1230081', '17103881', 2, '2019-2020'),
('1230081', '17104051', 2, '2019-2020'),
('1230081', '17104361', 2, '2019-2020'),
('1230081', '17104541', 2, '2019-2020'),
('1230081', '17104831', 2, '2019-2020'),
('1230091', '17000255', 2, '2019-2020'),
('1230091', '17001035', 2, '2019-2020'),
('1230091', '17039361', 2, '2019-2020'),
('1230091', '17043411', 2, '2019-2020'),
('1230091', '17045511', 2, '2019-2020'),
('1230091', '17047901', 2, '2019-2020'),
('1230091', '17048661', 2, '2019-2020'),
('1230091', '17049321', 2, '2019-2020'),
('1230091', '17049601', 2, '2019-2020'),
('1230091', '17050341', 2, '2019-2020'),
('1230091', '17050711', 2, '2019-2020'),
('1230091', '17051211', 2, '2019-2020'),
('1230091', '17052171', 2, '2019-2020'),
('1230091', '17052201', 2, '2019-2020'),
('1230091', '17053001', 2, '2019-2020'),
('1230091', '17054961', 2, '2019-2020'),
('1230091', '17055021', 2, '2019-2020'),
('1230091', '17055071', 2, '2019-2020'),
('1230091', '17055191', 2, '2019-2020'),
('1230091', '17055221', 2, '2019-2020'),
('1230091', '17056171', 2, '2019-2020'),
('1230091', '17062361', 2, '2019-2020'),
('1230091', '17063291', 2, '2019-2020'),
('1230091', '17063591', 2, '2019-2020'),
('1230091', '17063671', 2, '2019-2020'),
('1230091', '17064121', 2, '2019-2020'),
('1230091', '17064161', 2, '2019-2020'),
('1230091', '17064371', 2, '2019-2020'),
('1230091', '17064471', 2, '2019-2020'),
('1230091', '17064611', 2, '2019-2020'),
('1230091', '17066361', 2, '2019-2020'),
('1230091', '17067011', 2, '2019-2020'),
('1230091', '17067101', 2, '2019-2020'),
('1230091', '17067311', 2, '2019-2020'),
('1230091', '17067481', 2, '2019-2020'),
('1230091', '17067591', 2, '2019-2020'),
('1230091', '17067941', 2, '2019-2020'),
('1230091', '17068361', 2, '2019-2020'),
('1230091', '17068491', 2, '2019-2020'),
('1230091', '17068771', 2, '2019-2020'),
('1230091', '17069581', 2, '2019-2020'),
('1230091', '17070091', 2, '2019-2020'),
('1230091', '17070691', 2, '2019-2020'),
('1230091', '17071341', 2, '2019-2020'),
('1230091', '17071891', 2, '2019-2020'),
('1230091', '17072101', 2, '2019-2020'),
('1230091', '17072271', 2, '2019-2020'),
('1230091', '17072291', 2, '2019-2020'),
('1230091', '17072771', 2, '2019-2020'),
('1230091', '17072931', 2, '2019-2020'),
('1230091', '17075921', 2, '2019-2020'),
('1230091', '17076441', 2, '2019-2020'),
('1230091', '17079291', 2, '2019-2020'),
('1230091', '17082141', 2, '2019-2020'),
('1230091', '17082251', 2, '2019-2020'),
('1230091', '17083921', 2, '2019-2020'),
('1230091', '17084001', 2, '2019-2020'),
('1230091', '17086141', 2, '2019-2020'),
('1230091', '17088231', 2, '2019-2020'),
('1230091', '17089511', 2, '2019-2020'),
('1230091', '17089681', 2, '2019-2020'),
('1230091', '17089691', 2, '2019-2020'),
('1230091', '17091101', 2, '2019-2020'),
('1230091', '17092091', 2, '2019-2020'),
('1230091', '17092211', 2, '2019-2020'),
('1230091', '17092591', 2, '2019-2020'),
('1230091', '17092811', 2, '2019-2020'),
('1230091', '17093341', 2, '2019-2020'),
('1230091', '17094681', 2, '2019-2020'),
('1230091', '17094691', 2, '2019-2020'),
('1230091', '17096351', 2, '2019-2020'),
('1230091', '17096581', 2, '2019-2020'),
('1230091', '17096881', 2, '2019-2020'),
('1230091', '17097641', 2, '2019-2020'),
('1230091', '17099171', 2, '2019-2020'),
('1230091', '17100141', 2, '2019-2020'),
('1230091', '17100181', 2, '2019-2020'),
('1230091', '17100921', 2, '2019-2020'),
('1230091', '17102191', 2, '2019-2020'),
('1230091', '17102211', 2, '2019-2020'),
('1230091', '17102741', 2, '2019-2020'),
('1230091', '17103881', 2, '2019-2020'),
('1230091', '17104051', 2, '2019-2020'),
('1230091', '17104361', 2, '2019-2020'),
('1230091', '17104541', 2, '2019-2020'),
('1230091', '17104831', 2, '2019-2020');

--
-- Constraints for dumped tables
--

--
-- Constraints for table `chi_tiet_diem_danh`
--
ALTER TABLE `chi_tiet_diem_danh`
  ADD CONSTRAINT `chi_tiet_diem_danh_ibfk_2` FOREIGN KEY (`id_diem_danh`) REFERENCES `diem_danh` (`id_diem_danh`),
  ADD CONSTRAINT `chi_tiet_diem_danh_ibfk_3` FOREIGN KEY (`ma_sv`) REFERENCES `sinh_vien` (`ma_sv`);

--
-- Constraints for table `diem_danh`
--
ALTER TABLE `diem_danh`
  ADD CONSTRAINT `diem_danh_ibfk_1` FOREIGN KEY (`ma_lmh`) REFERENCES `lop_mon_hoc` (`ma_lmh`);

--
-- Constraints for table `lop_mon_hoc`
--
ALTER TABLE `lop_mon_hoc`
  ADD CONSTRAINT `lop_mon_hoc_ibfk_1` FOREIGN KEY (`ma_mh`) REFERENCES `mon_hoc` (`ma_mh`),
  ADD CONSTRAINT `lop_mon_hoc_ibfk_2` FOREIGN KEY (`ma_gv`) REFERENCES `giang_vien` (`ma_gv`);

--
-- Constraints for table `sinh_vien_lop_mon_hoc`
--
ALTER TABLE `sinh_vien_lop_mon_hoc`
  ADD CONSTRAINT `sinh_vien_lop_mon_hoc_ibfk_3` FOREIGN KEY (`ma_lmh`) REFERENCES `lop_mon_hoc` (`ma_lmh`),
  ADD CONSTRAINT `sinh_vien_lop_mon_hoc_ibfk_4` FOREIGN KEY (`ma_sv`) REFERENCES `sinh_vien` (`ma_sv`);
